Ticker,Date/Time,Close,SL,Mega Buy by Larger Wave ,Mega Sellby Larger Wave,Short_SL,Call,Status
4THGEN.BO,2024-09-16,6,5.33,5.67,,5.67,Long,Open
63MOONS.NS,2024-10-08,391,316.0,360.5,,428.15,Long,Open
A2ZINFRA.NS,2024-10-08,18,15.87,16.09,,18.83,Long,Open
AAATECH.NS,2024-10-09,131,115.0,125.79,,133.5,Long,Open
AANANDALAK.BO,2024-09-13,19,4.76,18.24,,19.63,Long,Open
AARVEEDEN.NS,2024-10-01,50,21.65,47.22,,47.9,Long,Open
AARVI.NS,2024-10-09,149,129.25,149.95,,160.12,Long,Open
AAYUSH.BO,2024-10-04,78,26.51,73.11,,73.12,Long,Open
ABANSENT.BO,2024-10-08,193,124.1,176.71,,198.35,Long,Open
ABB.NS,2024-10-08,8458,7350.05,7853.04,,8303.25,Long,Open
ABBOTINDIA.BO,2024-10-08,28589,27534.3,28154.05,,29480.0,Long,Open
ABBOTINDIA.NS,2024-08-21,29559,25200.0,27946.75,,28666.15,Long,Open
ABCINDQ.BO,2024-10-09,131,118.1,127.75,,138.25,Long,Open
ABFRL.NS,2024-10-08,341,303.0,322.81,,364.4,Long,Open
ABHICAP.BO,2024-10-09,162,150.0,160.6,,195.0,Long,Open
ACCEL.BO,2024-09-18,23,20.18,24.98,,31.69,Long,Open
ACCELYA.NS,2024-10-08,1699,1652.4,1639.29,,1902.45,Long,Open
ACE.NS,2024-10-09,1355,1225.05,1314.28,,1464.9,Long,Open
ACEINTEG.NS,2024-09-30,34,30.3,35.62,,39.9,Long,Open
ACESOFT.BO,2024-09-24,379,87.68,370.9,,402.15,Long,Open
ACL.NS,2024-10-01,89,88.22,88.95,,94.8,Long,Open
ACME.BO,2024-10-09,35,32.3,34.11,,39.27,Long,Open
ACML.BO,2024-10-09,72,66.67,70.46,,73.19,Long,Open
ACROW.BO,2024-10-08,760,601.0,760.9,,800.0,Long,Open
ADARSHPL.BO,2024-10-08,31,30.35,29.9,,33.51,Long,Open
ADCINDIA.BO,2024-10-08,1915,1850.0,1763.91,,2040.0,Long,Open
ADFFOODS.NS,2024-10-07,318,209.11,268.21,,302.95,Long,Open
ADL.NS,2024-09-12,102,76.4,137.9,,146.6,Long,Open
ADORFO.BO,2024-09-10,143,120.6,133.05,,144.8,Long,Open
ADORWELD.NS,2024-10-08,1361,1269.8,1324.99,,1399.95,Long,Open
ADROITINFO.NS,2024-10-08,22,17.25,18.11,,21.13,Long,Open
ADSL.NS,2024-10-08,287,255.9,252.23,,288.9,Long,Open
ADVANIHOTR.NS,2024-09-23,73,66.0,74.34,,79.8,Long,Open
ADVIKCA.BO,2024-10-07,3,2.46,2.78,,3.02,Long,Open
AFEL.BO,2024-09-11,19,5.49,13.0,,16.04,Long,Open
AFFLE.NS,2024-10-09,1609,1470.05,1541.99,,1618.0,Long,Open
AGARIND.NS,2024-09-23,1120,1086.55,1158.75,,1212.0,Long,Open
AGRITECH.NS,2024-10-08,236,205.3,209.17,,234.85,Long,Open
AHLADA.NS,2024-10-08,105,102.46,100.39,,121.04,Long,Open
AHLEAST.NS,2024-10-08,163,129.11,158.68,,176.0,Long,Open
AHLUCONT.NS,2024-09-20,1098,987.05,1162.72,,1230.9,Long,Open
AHMDSTE.BO,2024-09-05,321,33.8,198.0,,226.45,Long,Open
AICHAMP.BO,2024-10-08,43,42.0,43.61,,48.88,Long,Open
AIIL.BO,2024-10-09,1827,961.6,1731.02,,1850.0,Long,Open
AIROLAM.NS,2024-10-04,142,119.5,130.18,,137.0,Long,Open
AJANTPHARM.NS,2024-09-24,3375,2111.05,3122.79,,3290.0,Long,Open
AJCON.BO,2024-10-09,45,37.5,44.26,,45.05,Long,Open
AJOONI.NS,2024-10-08,8,7.85,7.48,,9.89,Long,Open
AJWAFUN.BO,2021-02-12,24,22.75,6.83,,6.83,Long,Open
AKG.NS,2024-10-09,20,17.9,20.03,,21.34,Long,Open
AKI.BO,2024-10-08,20,18.9,19.49,,23.1,Long,Open
AKSHAR.BO,2024-09-20,2,2.21,1.66,,1.78,Long,Open
AKSHOPTFBR.NS,2024-10-08,9,8.0,8.31,,9.39,Long,Open
AKSPINTEX.BO,2024-10-01,273,186.0,226.99,,233.25,Long,Open
AKZOINDIA.NS,2024-09-27,4339,2752.0,3709.55,,3860.0,Long,Open
ALANKIT.NS,2024-10-08,23,22.5,22.29,,27.6,Long,Open
ALFATRAN.BO,2024-10-08,96,77.74,86.95,,96.0,Long,Open
ALFAVIO.BO,2024-06-28,17,9.99,11.59,,15.64,Long,Open
ALFREDHE.BO,2024-09-25,1745,1359.0,1606.21,,1695.95,Long,Open
ALICON.NS,2024-09-24,1309,1129.95,1404.67,,1503.9,Long,Open
ALKEM.NS,2024-09-24,6294,4407.05,6020.26,,6439.9,Long,Open
ALLCARGO.NS,2024-09-10,62,66.2,67.37,,71.5,Long,Open
ALPINEHOU.BO,2024-09-12,103,123.85,108.04,,120.15,Long,Open
ALUFLUOR.BO,2024-10-09,391,360.0,383.73,,398.85,Long,Open
AMAL.BO,2024-10-08,330,295.5,313.24,,327.0,Long,Open
AMALGAM.BO,2024-10-09,94,45.6,87.75,,117.0,Long,Open
AMARAJABAT.NS,2023-12-20,820,599.0,749.97,,799.6,Long,Open
AMBALALSA.BO,2024-10-09,57,51.27,55.31,,69.5,Long,Open
AMBER.NS,2024-09-30,5154,3964.0,4647.14,,5361.15,Long,Open
AMBITION.BO,2024-08-22,3,3.46,2.69,,2.71,Long,Open
AMCOIND.BO,2024-10-08,78,54.3,74.03,,85.0,Long,Open
AMFORG.BO,2024-10-09,10,9.07,10.13,,11.66,Long,Open
ANANTRAJ.NS,2024-10-08,739,319.15,675.13,,747.8,Long,Open
ANDHRAPET.BO,2024-10-09,93,85.05,91.46,,95.5,Long,Open
ANG.BO,2024-10-08,51,46.0,47.56,,56.85,Long,Open
ANJANI.BO,2024-09-26,49,37.35,41.4,,42.5,Long,Open
ANSINDUS.BO,2024-09-26,10,8.6,11.62,,14.23,Long,Open
ANUP.NS,2024-09-26,2752,1665.05,2205.76,,2408.1,Long,Open
APARINDS.NS,2024-10-09,10031,7595.0,9650.0,,10100.0,Long,Open
APCL.NS,2024-09-26,181,179.92,173.24,,191.66,Long,Open
APLLTD.NS,2024-09-23,1231,823.4,1136.14,,1278.0,Long,Open
APOLSINHOT.NS,2024-10-08,1957,1345.45,1807.75,,2224.85,Long,Open
ARAVALIS.BO,2024-10-07,5,4.45,4.77,,5.25,Long,Open
ARCHIDPLY.NS,2024-09-27,129,90.8,120.46,,140.42,Long,Open
ARCHIES.NS,2024-10-01,29,24.5,33.3,,36.71,Long,Open
ARFIN.BO,2024-10-09,38,34.75,37.12,,40.48,Long,Open
ARIHANT.BO,2024-10-04,507,131.0,463.92,,507.8,Long,Open
ARISE.BO,2024-09-27,33,15.99,29.03,,34.3,Long,Open
ARVINDFASN.NS,2024-10-09,597,544.45,586.22,,599.5,Long,Open
ARVSMART.NS,2024-10-08,842,687.0,764.25,,902.0,Long,Open
ASAL.NS,2024-09-30,733,801.0,751.01,,795.9,Long,Open
ASHAI.BO,2024-10-03,14,11.49,11.98,,15.4,Long,Open
ASHIS.BO,2024-10-09,54,36.6,53.05,,62.65,Long,Open
ASHISHPO.BO,2024-10-03,64,55.89,54.23,,74.25,Long,Open
ASHNOOR.BO,2024-10-09,50,39.02,47.85,,51.0,Long,Open
ASHOKA.NS,2024-10-07,240,227.4,232.74,,251.5,Long,Open
ASHRAM.BO,2024-10-07,5,5.19,5.48,,6.54,Long,Open
ASIANENE.BO,2024-10-07,385,343.0,363.93,,390.85,Long,Open
ASIAPAK.BO,2024-10-07,63,51.82,61.42,,66.13,Long,Open
ASINPET.BO,2021-03-05,22,,3.34,,3.46,Long,Open
ASMTEC.BO,2024-10-09,1511,1244.0,1466.6,,1864.0,Long,Open
ASPIRA.BO,2024-10-04,43,25.0,40.9,,50.11,Long,Open
ASTAR.BO,2024-10-09,849,800.0,835.75,,887.85,Long,Open
ASTEC.NS,2024-09-24,1099,1180.6,1223.06,,1333.5,Long,Open
ASTERDM.NS,2024-08-12,421,317.1,389.45,,410.45,Long,Open
ASTRAZEN.NS,2024-10-07,7881,6367.55,7614.75,,8139.0,Long,Open
ASYL.BO,2024-09-30,6,5.71,5.78,,6.22,Long,Open
ATALREAL.NS,2024-10-07,8,7.1,8.21,,9.45,Long,Open
ATFL.NS,2024-09-23,866,644.45,808.81,,840.05,Long,Open
ATHARVENT.BO,2024-10-08,3,2.5,2.6,,3.25,Long,Open
ATHENAGLO.BO,2024-10-08,97,92.8,91.49,,114.95,Long,Open
ATISHAY.BO,2024-09-24,153,59.1,128.88,,133.9,Long,Open
ATUL.NS,2024-10-08,7909,7450.0,7578.98,,8062.65,Long,Open
ATVPR.BO,2024-10-08,34,32.85,31.01,,36.39,Long,Open
AURIONPRO.NS,2024-10-09,1644,1418.9,1575.49,,1991.75,Long,Open
AUSOMENT.NS,2024-09-11,134,72.2,93.13,,106.5,Long,Open
AUSTENG.BO,2024-10-09,223,200.1,215.03,,226.95,Long,Open
AVADHSUGAR.NS,2024-10-08,777,572.9,730.13,,830.5,Long,Open
AVANTEL.BO,2024-09-11,181,86.05,171.56,,194.7,Long,Open
AVG.NS,2024-09-24,488,445.0,435.66,,486.95,Long,Open
AVI.BO,2021-03-02,12,4.8,4.85,,4.85,Long,Open
AVIVA.BO,2024-08-26,25,24.88,23.97,,23.97,Long,Open
AWHCL.NS,2024-10-07,781,667.1,715.46,,761.85,Long,Open
AXITA.BO,2024-09-20,15,20.79,17.49,,18.75,Long,Open
B2BSOFT.BO,2024-10-01,40,26.0,38.45,,45.95,Long,Open
BAJAJST.BO,2024-10-08,3359,1210.6,3045.0,,3499.75,Long,Open
BALKRISIND.NS,2024-10-08,3039,2753.05,2842.74,,3155.8,Long,Open
BALMLAWRIE.NS,2024-10-08,255,257.05,246.98,,278.9,Long,Open
BALPHARMA.NS,2024-10-08,135,121.76,124.99,,139.9,Long,Open
BALTE.BO,2024-10-09,31,25.8,30.31,,32.98,Long,Open
BANARISUG.NS,2024-09-23,3706,3010.1,3356.99,,3623.8,Long,Open
BANG.NS,2024-10-09,53,46.0,53.11,,70.0,Long,Open
BANKA.NS,2024-10-09,113,105.21,110.58,,119.84,Long,Open
BANKBARODA.NS,2024-09-17,246,236.45,238.81,,241.95,Long,Open
BANSWRAS.NS,2024-10-08,138,134.51,133.77,,143.0,Long,Open
BAPACK.BO,2024-10-08,454,411.15,411.45,,454.9,Long,Open
BARBEQUE.BO,2024-09-23,658,499.5,638.96,,666.0,Long,Open
BASF.NS,2024-09-26,8348,3742.95,6719.54,,7300.0,Long,Open
BATLIBOI.BO,2024-09-25,183,115.6,159.16,,199.8,Long,Open
BAYERCROP.BO,2024-09-26,6731,6042.5,6239.34,,6593.3,Long,Open
BAYERCROP.NS,2024-08-21,6496,5153.2,6291.4,,6415.45,Long,Open
BBL.NS,2024-10-08,4819,4545.0,4386.76,,4900.0,Long,Open
BBTC.NS,2024-10-08,2673,1318.2,2524.54,,2975.0,Long,Open
BCCFUBA.BO,2024-09-20,98,55.4,82.91,,89.53,Long,Open
BCLIND.NS,2024-10-08,57,55.37,54.61,,68.9,Long,Open
BCP.BO,2024-10-08,5,3.61,4.65,,6.0,Long,Open
BDL.NS,2024-10-09,1163,1040.6,1155.98,,1188.0,Long,Open
BEARDSELL.NS,2024-10-08,49,33.6,44.11,,54.0,Long,Open
BEDMUTHA.NS,2024-09-13,213,176.0,208.6,,249.0,Long,Open
BEL.NS,2024-10-08,282,267.1,269.54,,295.0,Long,Open
BELLACASA.BO,2024-10-09,542,467.35,515.06,,647.55,Long,Open
BENARAS.BO,2024-08-20,8319,4439.0,7887.16,,8099.95,Long,Open
BERLDRG.BO,2024-10-08,42,26.0,42.1,,46.0,Long,Open
BERVINL.BO,2024-10-08,63,58.55,57.85,,80.0,Long,Open
BETXIND.BO,2024-10-08,377,198.0,347.77,,475.0,Long,Open
BFUTILITIE.NS,2024-10-07,1025,735.0,948.51,,1095.0,Long,Open
BGJL.BO,2024-09-30,17,15.75,19.19,,21.54,Long,Open
BGWTATO.BO,2024-10-09,504,421.2,494.63,,596.3,Long,Open
BHAGCHEM.BO,2024-10-09,354,330.0,351.48,,369.1,Long,Open
BHANDARI.NS,2024-09-19,6,6.85,7.17,,7.79,Long,Open
BHARATSE.BO,2024-10-08,190,188.65,181.2,,216.0,Long,Open
BHARATWIRE.NS,2024-10-08,274,223.65,251.85,,282.95,Long,Open
BHATIA.BO,2024-10-08,32,19.6,29.6,,35.47,Long,Open
BIBCL.BO,2024-09-27,27,27.0,27.96,,30.52,Long,Open
BIGBLOC.NS,2024-10-09,119,105.3,116.22,,119.9,Long,Open
BIOFILCHEM.NS,2024-10-09,77,58.66,74.93,,91.87,Long,Open
BIRLAPREC.BO,2024-10-09,70,61.0,66.32,,75.9,Long,Open
BITL.BO,2024-08-12,2,0.86,1.47,,1.57,Long,Open
BLIL.BO,2024-10-09,85,77.5,82.27,,99.75,Long,Open
BLISSGVS.NS,2024-10-09,129,119.4,127.72,,142.85,Long,Open
BLOOM.BO,2024-09-18,16,10.67,10.81,,12.95,Long,Open
BLUECHIP.NS,2024-09-30,6,4.75,5.81,,6.37,Long,Open
BLUECHIPT.BO,2024-10-08,161,156.1,161.48,,168.1,Long,Open
BLUECLOUDS.BO,2024-09-13,188,9.5,190.01,,196.95,Long,Open
BLUECOAST.BO,2024-01-12,12,4.62,4.63,,5.31,Long,Open
BLUEDART.NS,2024-09-30,8645,7537.05,8123.75,,9488.7,Long,Open
BLUESTARCO.NS,2024-10-09,2009,1539.1,1938.86,,2199.55,Long,Open
BNALTD.BO,2024-10-01,599,539.6,585.21,,621.85,Long,Open
BNL.BO,2024-09-11,91,42.95,82.38,,93.79,Long,Open
BNRSEC.BO,2024-10-08,175,132.0,164.25,,183.0,Long,Open
BNRUDY.BO,2024-10-09,80,73.0,74.8,,80.19,Long,Open
BOMBWIR.BO,2024-10-07,81,62.99,60.25,,68.99,Long,Open
BOMDYEING.NS,2024-10-08,224,198.99,212.83,,237.86,Long,Open
BOSCHLTD.NS,2024-08-22,38606,18600.0,32216.51,,32559.75,Long,Open
BPL.NS,2024-10-04,111,106.2,106.82,,112.26,Long,Open
BRADYM.BO,2024-10-09,2066,1060.0,1919.04,,2289.35,Long,Open
BRAWN.BO,2024-09-27,21,17.56,19.24,,24.32,Long,Open
BRIDGESE.BO,2024-08-30,5,1.8,3.66,,4.0,Long,Open
BSE.NS,2024-10-07,4181,2115.0,3900.79,,4260.0,Long,Open
BSHSL.NS,2024-10-08,178,163.0,164.55,,202.54,Long,Open
BTTL.BO,2024-10-01,51,41.0,50.28,,73.8,Long,Open
BUTTERFLY.NS,2024-09-19,906,674.9,1138.18,,1250.0,Long,Open
BVCL.NS,2024-10-01,60,48.65,58.69,,64.38,Long,Open
BYKE.NS,2024-10-08,70,67.1,65.14,,74.57,Long,Open
CALCOM.BO,2024-10-09,121,104.0,121.5,,127.5,Long,Open
CAMEXLTD.BO,2024-09-24,55,56.79,51.84,,55.8,Long,Open
CAMS.BO,2024-10-09,4409,4049.05,4390.95,,4594.8,Long,Open
CANFINHOME.NS,2024-10-08,870,833.0,831.05,,925.45,Long,Open
CAPACITE.NS,2024-10-08,386,270.25,362.05,,415.0,Long,Open
CAPLIPOINT.NS,2024-10-01,1904,1225.0,1952.19,,2109.95,Long,Open
CAPRO.BO,2024-10-08,49,48.24,48.23,,60.62,Long,Open
CAPTRUST.NS,2024-10-09,131,118.5,127.18,,179.9,Long,Open
CAREERP.NS,2024-10-01,499,471.0,484.58,,515.0,Long,Open
CARERATING.NS,2024-08-08,1225,831.2,975.75,,1002.0,Long,Open
CARNATIN.BO,2024-09-02,8,6.5,6.26,,6.26,Long,Open
CATVISION.BO,2024-10-08,25,22.1,24.37,,27.87,Long,Open
CCLINTER.BO,2024-10-08,34,28.55,31.03,,36.42,Long,Open
CDSL.NS,2024-10-09,1472,1344.6,1406.24,,1484.95,Long,Open
CEEJAY.BO,2024-10-08,261,171.05,241.41,,282.7,Long,Open
CEENIK.BO,2024-06-28,1432,9.76,721.49,,767.0,Long,Open
CEETAIN.BO,2024-10-09,42,37.1,41.4,,47.0,Long,Open
CEINSYSTECH.BO,2024-10-03,864,396.5,695.0,,755.0,Long,Open
CELEBRITY.NS,2024-10-08,17,15.61,15.51,,19.9,Long,Open
CENLUB.BO,2024-09-27,609,343.55,451.46,,491.6,Long,Open
CENTENKA.NS,2024-10-09,653,606.0,646.74,,765.0,Long,Open
CENTEXT.NS,2024-10-09,25,22.6,23.79,,24.65,Long,Open
CGPOWER.NS,2024-10-07,804,658.75,722.29,,814.4,Long,Open
CGVAK.BO,2024-10-03,303,322.0,288.99,,343.9,Long,Open
CHALET.NS,2024-10-08,891,753.65,835.49,,896.5,Long,Open
CHANDRIMA.BO,2024-09-05,42,6.61,28.15,,29.96,Long,Open
CHDCHEM.BO,2024-10-09,7,5.56,6.77,,7.0,Long,Open
CHEMFAB.NS,2024-10-08,1081,500.45,994.5,,1074.65,Long,Open
CHEMOPH.BO,2024-10-09,72,59.58,64.83,,71.73,Long,Open
CHENNPETRO.NS,2024-09-20,921,794.3,868.51,,914.0,Long,Open
CHLLTD.BO,2024-10-08,36,34.33,31.02,,37.5,Long,Open
CHOICEIN.BO,2024-10-09,472,359.9,460.76,,488.0,Long,Open
CHOLAFIN.NS,2024-10-08,1562,1302.5,1486.41,,1652.0,Long,Open
CHORDIA.BO,2024-10-08,90,81.21,84.01,,93.0,Long,Open
CHOWGULSTM.BO,2024-10-08,27,24.92,24.94,,27.88,Long,Open
CIANAGRO.BO,2024-08-07,190,34.5,39.79,,44.49,Long,Open
CIFL.BO,2024-09-16,153,97.55,136.85,,170.8,Long,Open
CIGNITITEC.NS,2024-05-15,1392,516.6,1302.94,,1384.0,Long,Open
CILSEC.BO,2024-09-17,60,47.33,58.77,,70.6,Long,Open
CINEVISTA.NS,2024-10-08,20,16.01,20.07,,23.0,Long,Open
CIPLA.NS,2024-07-02,1681,852.0,1482.63,,1582.0,Long,Open
CITADEL.BO,2024-10-07,56,35.02,52.31,,63.41,Long,Open
CITYMAN.BO,2024-10-08,22,18.52,20.4,,22.46,Long,Open
CLFL.BO,2024-08-28,20,12.62,13.41,,26.46,Long,Open
CMICABLES.NS,2024-08-26,6,6.6,4.33,,4.67,Long,Open
CNIRESLTD.BO,2024-10-04,14,7.03,12.51,,14.19,Long,Open
COCHINM.BO,2024-10-09,323,287.0,315.76,,326.75,Long,Open
COCHINSHIP.NS,2024-10-09,1655,1505.0,1632.5,,1935.0,Long,Open
COFORGE.NS,2024-08-14,7377,4756.55,5824.16,,6425.0,Long,Open
COLPAL.NS,2024-06-28,3713,1434.6,2840.78,,2879.05,Long,Open
COMFINCAP.BO,2024-10-08,11,10.2,9.87,,11.96,Long,Open
COMPINFO.NS,2024-09-30,3,2.95,2.49,,2.67,Long,Open
COMPUSOFT.NS,2024-10-09,31,27.62,29.99,,41.5,Long,Open
CONCORD.BO,2024-09-25,37,31.7,36.76,,38.8,Long,Open
CONTICON.BO,2024-10-09,12,10.65,11.73,,12.99,Long,Open
CONTILI.BO,2024-08-20,296,88.0,183.2,,199.5,Long,Open
CONTPTR.BO,2024-10-09,101,92.8,96.71,,107.9,Long,Open
CONTROLPR.NS,2024-09-12,809,796.4,799.11,,869.95,Long,Open
CORDSCABLE.NS,2024-10-08,210,195.8,192.71,,237.5,Long,Open
COROENGG.BO,2024-09-17,61,49.64,55.7,,55.7,Long,Open
COSCO.BO,2024-10-08,392,302.05,353.47,,375.0,Long,Open
COUNCODOS.NS,2024-10-08,7,5.2,6.64,,7.44,Long,Open
CRANESSOFT.BO,2024-10-09,4,4.02,4.21,,6.66,Long,Open
CRANEX.BO,2024-10-08,156,80.38,148.65,,168.7,Long,Open
CRAVATEX.BO,2024-09-12,461,385.0,574.0,,619.0,Long,Open
CREATIVE.NS,2024-10-08,875,665.15,801.61,,889.25,Long,Open
CROMPTON.NS,2024-10-08,437,412.9,424.7,,455.55,Long,Open
CSL.BO,2024-10-08,12,8.81,10.1,,12.0,Long,Open
CSURGSU.BO,2024-10-03,136,102.0,129.8,,142.0,Long,Open
CTCL.BO,2024-10-08,300,270.0,262.58,,300.0,Long,Open
CUBEXTUB.NS,2024-10-09,106,90.1,99.07,,107.06,Long,Open
CUMMINSIND.NS,2024-10-08,3762,3607.9,3624.65,,3927.0,Long,Open
CYBERMEDIA.NS,2024-10-08,30,24.47,25.62,,28.61,Long,Open
DALMIASUG.NS,2024-10-08,553,376.8,531.0,,585.0,Long,Open
DANLAW.BO,2024-10-09,1939,1745.0,1939.15,,1939.15,Long,Open
DANUBE.BO,2024-10-07,6,4.01,5.6,,6.1,Long,Open
DARJEELING.BO,2024-09-10,15,4.75,7.68,,7.68,Long,Open
DATAMATICS.NS,2024-10-09,620,558.0,588.32,,628.0,Long,Open
DBCORP.NS,2024-10-07,356,306.25,339.03,,371.8,Long,Open
DBL.NS,2024-09-23,503,475.0,539.34,,579.35,Long,Open
DBSTOCKBRO.NS,2024-10-09,54,43.61,48.79,,55.66,Long,Open
DCAL.NS,2024-10-09,179,161.21,175.13,,212.15,Long,Open
DCI.NS,2024-10-01,392,341.2,345.86,,411.75,Long,Open
DCM.NS,2024-10-08,93,86.0,88.56,,97.85,Long,Open
DCW.NS,2024-10-08,98,50.0,93.74,,111.18,Long,Open
DECOMIC.BO,2024-09-26,80,81.2,81.05,,90.91,Long,Open
DECPO.BO,2024-08-12,10,16.89,8.4,,8.4,Long,Open
DEEPENR.NS,2024-09-23,312,161.56,282.43,,335.0,Long,Open
DHAMPURE.BO,2024-10-07,93,77.99,89.4,,96.6,Long,Open
DHANCOT.BO,2024-10-09,102,90.3,95.31,,111.45,Long,Open
DHANI.NS,2024-10-08,64,48.41,48.94,,54.1,Long,Open
DHENUBUILD.BO,2024-05-13,7,1.39,2.15,,2.21,Long,Open
DHRUVCA.BO,2024-10-08,411,359.0,402.84,,452.55,Long,Open
DIAMINESQ.BO,2024-10-09,543,505.0,537.11,,580.25,Long,Open
DIAMONDYD.NS,2024-09-18,1129,746.7,817.33,,844.7,Long,Open
DIANATEA.BO,2024-10-08,47,23.5,43.35,,53.8,Long,Open
DIVISLAB.NS,2024-08-21,5990,3540.3,4792.05,,4963.35,Long,Open
DIXON.NS,2024-10-08,14805,10620.0,13747.85,,14594.45,Long,Open
DLTNCBL.BO,2024-09-30,716,490.0,610.99,,723.0,Long,Open
DODLA.BO,2024-09-10,1176,876.15,1238.65,,1309.6,Long,Open
DOLLAR.NS,2024-10-08,520,467.15,494.14,,554.25,Long,Open
DONEAR.NS,2024-10-09,113,104.96,109.89,,124.99,Long,Open
DPABHUSHAN.NS,2024-10-09,1764,1530.05,1662.04,,1788.0,Long,Open
DPSCLTD.NS,2024-10-08,19,17.67,18.42,,21.74,Long,Open
DPWIRES.NS,2024-10-09,415,383.0,398.79,,422.0,Long,Open
DRA.BO,2024-09-20,48,33.6,51.51,,62.55,Long,Open
DRAGARWQ.BO,2024-10-08,5052,2800.0,4734.0,,5150.0,Long,Open
DREDGECORP.NS,2024-09-13,1153,718.9,851.28,,955.0,Long,Open
DRL.BO,2020-12-15,18,5.11,10.0,,10.0,Long,Open
DSSL.NS,2024-10-09,1395,1246.35,1382.55,,1420.2,Long,Open
DYNAMICP.BO,2024-10-09,46,42.67,45.62,,50.07,Long,Open
DYNAMIND.BO,2024-10-09,102,85.0,99.92,,106.15,Long,Open
DYNAVSN.BO,2024-10-08,404,267.0,359.25,,444.0,Long,Open
DYNPRO.NS,2024-09-30,407,235.0,368.44,,449.0,Long,Open
E2E.NS,2024-10-03,2889,980.6,2970.2,,3485.0,Long,Open
EASEMYTRIP.NS,2024-10-08,34,32.5,32.07,,44.38,Long,Open
EASTRED.BO,2024-10-09,46,40.0,45.49,,49.95,Long,Open
ECLERX.NS,2024-09-25,3120,2325.85,2804.5,,3118.0,Long,Open
ECS.BO,2024-09-13,15,2.17,14.79,,14.79,Long,Open
ECSTSTL.BO,2024-10-08,22,20.01,20.82,,24.15,Long,Open
EIHOTEL.NS,2024-09-23,407,393.35,367.61,,406.4,Long,Open
EIMCOELECO.NS,2024-10-09,2973,2665.55,2871.86,,3050.9,Long,Open
EKC.NS,2024-10-08,202,112.0,181.09,,205.45,Long,Open
ELAND.BO,2024-10-09,14,12.11,13.52,,14.74,Long,Open
ELANTAS.BO,2024-08-20,14223,7700.05,11584.13,,12438.0,Long,Open
ELEFLOR.BO,2024-10-08,7,5.37,6.77,,7.68,Long,Open
ELGIEQUIP.NS,2024-10-09,673,624.7,657.2,,698.9,Long,Open
ELIXIR.BO,2024-10-09,156,100.15,147.88,,221.0,Long,Open
ELNET.BO,2024-08-06,362,210.05,364.51,,419.75,Long,Open
EMAINDIA.BO,2024-10-01,34,29.75,32.54,,34.14,Long,Open
EMERALD.BO,2024-10-04,75,58.0,69.08,,77.18,Long,Open
EMMESSA.BO,2024-10-07,45,36.23,40.6,,44.98,Long,Open
EMPIND.BO,2024-10-08,1059,1020.0,1039.29,,1184.4,Long,Open
ENBETRD.BO,2024-09-09,12,11.13,10.92,,12.5,Long,Open
ENDURANCE.NS,2024-10-09,2320,2158.25,2257.59,,2589.0,Long,Open
ENERGYDEV.NS,2024-10-08,24,23.0,22.71,,24.99,Long,Open
ENGINERSIN.NS,2024-10-08,202,198.0,191.33,,222.48,Long,Open
ENKEIWHEL.BO,2024-10-08,705,643.0,665.0,,752.0,Long,Open
ENVAIREL.BO,2024-10-07,161,142.25,156.07,,168.0,Long,Open
EPIC.BO,2024-05-08,61,7.65,5.99,,11.18,Long,Open
EPL.NS,2024-09-20,269,169.6,245.35,,269.0,Long,Open
ERIS.NS,2024-09-30,1423,987.1,1288.25,,1349.0,Long,Open
ESCORTS.NS,2024-10-09,4045,3621.0,3948.15,,4420.0,Long,Open
ESTER.NS,2024-10-09,147,104.57,145.88,,178.0,Long,Open
ETIL.BO,2024-10-09,9,8.15,8.66,,9.75,Long,Open
ETT.BO,2024-10-08,17,16.0,14.96,,18.3,Long,Open
EXIDEIND.NS,2024-10-08,519,454.05,482.83,,515.65,Long,Open
EXPLICITFIN.BO,2024-10-04,7,5.77,6.49,,7.44,Long,Open
FCL.NS,2024-10-08,408,345.85,384.94,,438.95,Long,Open
FCSSOFT.NS,2024-10-08,4,3.32,3.41,,3.92,Long,Open
FDC.NS,2024-10-09,532,500.55,520.64,,658.85,Long,Open
FELDVR.BO,2024-10-07,5,4.95,5.09,,5.46,Long,Open
FERMENTA.BO,2024-10-08,308,,282.86,,310.0,Long,Open
FILTRA.BO,2024-10-09,90,71.51,84.54,,89.75,Long,Open
FINELINE.BO,2024-09-02,110,59.93,95.63,,103.49,Long,Open
FINPIPE.NS,2024-10-07,286,279.0,279.58,,297.8,Long,Open
FISCHER.BO,2024-10-07,673,573.6,642.78,,690.0,Long,Open
FLFL.NS,2024-09-23,3,1.8,2.12,,2.45,Long,Open
FLUIDOM.BO,2024-10-09,643,601.6,631.25,,756.0,Long,Open
FLUOROCHEM.NS,2024-10-09,4365,3105.1,4221.01,,4450.0,Long,Open
FMNL.NS,2024-10-03,11,5.89,9.89,,14.18,Long,Open
FOCUS.NS,2024-09-19,129,138.53,106.32,,128.79,Long,Open
FORBESCO.BO,2024-09-17,676,567.05,671.45,,734.0,Long,Open
FORCEMOT.BO,2024-10-08,7258,6663.65,6932.0,,7840.0,Long,Open
FRANKLININD.BO,2024-09-06,2,3.82,1.89,,4.32,Long,Open
FRASER.BO,2024-10-09,5,4.62,4.82,,5.68,Long,Open
FREDUN.BO,2024-10-04,811,764.2,776.54,,820.0,Long,Open
FRONTSP.BO,2024-10-08,2006,1920.0,1836.45,,2180.0,Long,Open
FSL.NS,2024-10-08,314,294.5,304.04,,319.6,Long,Open
GAEL.NS,2024-10-08,143,123.3,122.91,,131.57,Long,Open
GAGAN.BO,2024-10-08,23,21.1,20.92,,24.39,Long,Open
GALADAFIN.BO,2021-02-18,18,,10.71,,10.71,Long,Open
GALAGEX.BO,2021-04-27,54,6.75,8.2,,8.2,Long,Open
GALXBRG.BO,2024-10-08,1372,1243.0,1345.1,,1394.8,Long,Open
GANECOS.NS,2024-10-08,1964,900.0,1841.2,,2006.05,Long,Open
GANESHBE.BO,2024-10-01,152,127.35,144.21,,174.2,Long,Open
GANESHHOUC.NS,2024-10-08,861,793.0,789.13,,912.8,Long,Open
GANGAFORGE.NS,2024-10-09,8,6.93,7.55,,9.27,Long,Open
GANGAPA.BO,2024-09-27,121,90.0,108.74,,139.5,Long,Open
GANONPRO.BO,2024-10-08,9,8.5,8.37,,9.38,Long,Open
GARNETINT.BO,2024-09-23,127,44.1,109.3,,113.2,Long,Open
GAYAHWS.NS,2024-10-01,1,1.0,1.22,,1.5,Long,Open
GAYAPROJ.NS,2024-08-26,11,6.75,7.74,,8.33,Long,Open
GAYATRIBI.BO,2024-08-23,6,5.45,5.76,,6.05,Long,Open
GBFL.BO,2024-09-26,8,5.9,8.66,,9.79,Long,Open
GCMCAPI.BO,2024-10-09,8,5.66,7.29,,10.6,Long,Open
GEECEE.NS,2024-10-08,414,354.8,393.16,,477.5,Long,Open
GEEKAYWIRE.NS,2024-10-08,111,87.42,102.4,,147.8,Long,Open
GENESYS.NS,2024-10-09,795,712.25,764.16,,835.0,Long,Open
GENNEX.BO,2024-10-07,24,13.25,21.18,,29.0,Long,Open
GENPHARMA.BO,2024-10-09,3,2.76,2.82,,3.59,Long,Open
GEOJITFSL.NS,2024-10-01,139,98.31,143.16,,177.0,Long,Open
GESHIP.NS,2024-10-08,1294,1175.4,1214.27,,1282.0,Long,Open
GET&D.NS,2024-09-25,1749,1405.05,1564.05,,1630.2,Long,Open
GFLLIMITED.NS,2024-10-08,89,72.01,81.99,,92.85,Long,Open
GFSTEELS.NS,2024-10-07,8,6.9,7.18,,7.71,Long,Open
GILLETTE.NS,2024-10-07,8996,8460.0,8509.36,,8747.45,Long,Open
GIPCL.NS,2024-10-09,236,210.76,226.7,,239.0,Long,Open
GKWLIMITED.NS,2024-10-07,3119,2684.0,2890.02,,3192.15,Long,Open
GLANCE.BO,2024-10-09,108,102.6,103.94,,114.5,Long,Open
GLAXO.NS,2024-10-09,2814,2586.05,2749.86,,2884.0,Long,Open
GLENMARK.NS,2024-09-23,1786,985.2,1719.75,,1764.0,Long,Open
GLFL.NS,2024-10-03,7,6.9,6.94,,7.03,Long,Open
GLITTEKG.BO,2024-10-09,4,3.62,3.71,,4.0,Long,Open
GLOBOFFS.BO,2024-10-08,90,72.16,82.99,,93.74,Long,Open
GLOBUSSPR.NS,2024-10-08,1147,670.0,1116.25,,1349.9,Long,Open
GMBREW.NS,2024-10-08,860,754.2,829.42,,1020.0,Long,Open
GNRL.BO,2024-09-23,24,12.7,21.5,,25.15,Long,Open
GOACARBON.NS,2024-10-08,766,695.55,747.13,,878.5,Long,Open
GOCLCORP.NS,2024-10-09,422,389.65,413.5,,430.0,Long,Open
GODAVARI.BO,2024-10-09,125,107.0,123.29,,144.0,Long,Open
GODFRYPHLP.NS,2024-10-08,7088,2907.55,6430.39,,8480.0,Long,Open
GOKAKTEX.BO,2024-10-09,213,155.0,211.19,,276.0,Long,Open
GOKUL.NS,2024-10-08,54,37.24,50.23,,54.5,Long,Open
GOKULAGRO.NS,2024-10-08,269,154.31,250.96,,299.0,Long,Open
GOLDCOINHF.BO,2024-10-08,9,6.68,8.26,,8.26,Long,Open
GOLDIAM.NS,2024-10-08,375,143.55,314.13,,389.0,Long,Open
GOLDTECH.NS,2024-10-01,93,110.43,91.74,,126.9,Long,Open
GOLECHA.BO,2024-09-30,33,26.62,36.77,,41.5,Long,Open
GOPAIST.BO,2024-10-08,8,6.1,7.35,,9.2,Long,Open
GPTINFRA.NS,2024-10-09,150,131.15,146.03,,165.3,Long,Open
GRAPHITE.NS,2024-10-08,576,494.95,540.25,,623.35,Long,Open
GRASIM.NS,2024-09-25,2716,2531.1,2604.46,,2819.05,Long,Open
GRATEXI.BO,2024-10-07,22,17.51,18.77,,20.21,Long,Open
GRAUWEIL.BO,2024-10-08,107,82.85,102.6,,118.2,Long,Open
GRAVISSHO.BO,2024-09-23,49,35.11,51.22,,62.95,Long,Open
GRAVITA.NS,2024-10-08,2430,885.05,2253.75,,2640.0,Long,Open
GRAVITY.BO,2024-10-04,4,4.04,4.34,,4.82,Long,Open
GREENPANEL.NS,2024-09-26,403,267.95,377.82,,415.8,Long,Open
GREENPLY.NS,2024-10-09,380,342.6,373.09,,388.9,Long,Open
GREENPOWER.NS,2024-10-08,21,18.9,18.89,,21.35,Long,Open
GRMOVER.BO,2024-10-09,245,206.7,239.77,,288.6,Long,Open
GROBTEA.NS,2024-10-09,1385,949.95,1306.22,,1515.15,Long,Open
GROVY.BO,2024-09-02,191,98.0,157.06,,177.35,Long,Open
GRPLTD.NS,2024-10-09,3217,2931.0,3149.06,,3429.4,Long,Open
GRSE.NS,2024-10-08,1636,1597.45,1554.6,,1874.2,Long,Open
GRWRHITECH.BO,2024-10-08,3766,1513.25,3541.25,,3985.0,Long,Open
GSBFIN.BO,2024-10-01,18,15.47,16.61,,19.79,Long,Open
GSS.NS,2024-10-09,77,68.17,75.67,,81.4,Long,Open
GTL.NS,2024-10-08,14,11.87,12.1,,13.76,Long,Open
GTNTEX.BO,2024-09-26,12,12.06,13.13,,14.88,Long,Open
GTV.BO,2024-09-13,465,22.5,458.08,,482.0,Long,Open
GUJCONT.BO,2024-10-09,174,165.8,167.89,,189.0,Long,Open
GUJCOTEX.BO,2024-08-29,12,3.23,6.91,,7.47,Long,Open
GUJCRED.BO,2024-09-26,31,19.27,21.88,,22.59,Long,Open
GUJINTRX.BO,2024-10-09,528,480.0,510.3,,529.2,Long,Open
GUJPETR.BO,2024-10-01,74,57.34,66.6,,68.39,Long,Open
GUJSTATFIN.BO,2024-10-08,23,20.6,20.58,,26.7,Long,Open
GULFPETRO.NS,2024-09-17,76,55.05,85.32,,93.48,Long,Open
HAL.NS,2024-10-08,4387,4172.0,4206.2,,4484.35,Long,Open
HALDYNGL.BO,2024-10-08,169,122.0,156.13,,172.9,Long,Open
HAPPSTMNDS.NS,2024-08-26,805,814.4,795.24,,809.9,Long,Open
HARDCAS.BO,2024-10-09,986,870.05,970.86,,1156.95,Long,Open
HARDWYN.BO,2024-10-08,39,27.1,36.28,,47.5,Long,Open
HARLETH.BO,2024-10-09,105,87.7,104.45,,107.3,Long,Open
HARRMALAYA.NS,2024-10-08,265,151.85,243.18,,268.7,Long,Open
HARYNACAP.BO,2024-10-09,335,194.0,317.69,,447.9,Long,Open
HASTIFIN.BO,2024-09-09,9,9.52,7.2,,7.2,Long,Open
HATHWAYB.BO,2024-09-30,21,18.5,19.25,,19.97,Long,Open
HAVISHA.NS,2024-10-09,2,2.04,2.22,,2.32,Long,Open
HAWAENG.BO,2024-09-17,260,131.0,152.58,,173.0,Long,Open
HAWKINCOOK.BO,2024-08-21,8811,7044.95,8572.54,,8798.95,Long,Open
HAZOOR.BO,2021-05-10,590,,4.81,,5.48,Long,Open
HBLEAS.BO,2024-10-08,18,16.13,15.42,,19.21,Long,Open
HBSL.NS,2024-10-09,139,125.02,136.23,,156.14,Long,Open
HCG.NS,2024-08-01,441,334.3,357.66,,367.0,Long,Open
HCLTECH.NS,2024-08-09,1810,1208.55,1582.39,,1655.5,Long,Open
HDFCAMC.NS,2024-10-08,4370,4184.65,4125.5,,4541.0,Long,Open
HEERAISP.BO,2024-10-04,8,5.7,7.25,,8.7,Long,Open
HEG.NS,2024-10-08,2471,1955.0,2284.94,,2494.75,Long,Open
HELPAGE.BO,2024-09-30,29,15.5,21.41,,22.97,Long,Open
HERCULES.NS,2024-10-08,635,502.55,601.47,,655.0,Long,Open
HERITGFOOD.NS,2024-10-08,626,518.7,582.75,,654.0,Long,Open
HESTERBIO.NS,2024-10-09,2375,2225.0,2275.24,,2676.25,Long,Open
HFCL.NS,2024-10-08,139,137.34,132.03,,171.0,Long,Open
HIGHENE.BO,2024-10-09,683,636.0,664.61,,720.0,Long,Open
HILTON.NS,2024-10-08,87,81.53,84.79,,90.0,Long,Open
HIMATSEIDE.NS,2024-10-09,140,130.31,139.19,,171.0,Long,Open
HINDADH.BO,2024-10-08,399,373.0,384.5,,418.0,Long,Open
HINDALUMI.BO,2024-10-09,69,56.0,68.39,,82.3,Long,Open
HINDCON.NS,2024-10-09,50,45.5,49.44,,51.0,Long,Open
HINDHARD.BO,2024-10-09,675,592.5,631.88,,750.0,Long,Open
HINDMOTORS.NS,2024-09-13,25,31.65,28.52,,32.89,Long,Open
HITECH.NS,2024-10-07,202,102.8,193.51,,204.76,Long,Open
HITECHCORP.NS,2024-10-08,277,215.2,263.03,,304.8,Long,Open
HITTCO.BO,2024-09-19,14,9.64,13.05,,14.1,Long,Open
HMT.NS,2024-10-09,81,75.2,78.78,,87.0,Long,Open
HMVL.NS,2024-10-08,94,87.2,90.55,,104.4,Long,Open
HNDFDS.NS,2024-08-16,568,467.0,566.73,,584.8,Long,Open
HOMEFIRST.NS,2024-10-04,1309,977.15,1194.73,,1369.6,Long,Open
HONDAPOWER.NS,2024-09-11,4336,2311.5,3625.16,,4230.0,Long,Open
HOVS.NS,2024-10-09,78,71.05,75.4,,88.95,Long,Open
HOWARHO.BO,2024-09-30,28,20.71,26.19,,29.01,Long,Open
HPCOTTON.BO,2024-10-09,143,132.05,139.19,,184.65,Long,Open
HPIL.NS,2024-08-19,147,97.1,148.0,,166.95,Long,Open
HSCL.NS,2024-10-08,629,307.7,589.56,,681.25,Long,Open
HUBTOWN.NS,2024-10-08,289,251.75,271.81,,344.3,Long,Open
HUHTAMAKI.NS,2024-10-08,400,367.75,375.45,,403.8,Long,Open
HUIL.BO,2024-10-09,2720,2578.0,2715.21,,2761.0,Long,Open
IBINFO.BO,2024-10-07,205,176.5,185.85,,185.85,Long,Open
IBRIGST.BO,2024-09-24,200,145.0,155.55,,186.35,Long,Open
IBULHSGFIN.NS,2024-09-20,172,152.01,159.5,,173.12,Long,Open
ICEMAKE.NS,2024-09-23,767,726.8,682.41,,749.8,Long,Open
ICSL.BO,2024-10-04,4,3.7,4.01,,4.21,Long,Open
IDFC.NS,2024-09-12,108,105.0,108.7,,114.7,Long,Open
IDFSENSEXE.BO,2024-09-02,876,764.95,883.85,,883.85,Long,Open
IFINSEC.BO,2024-08-21,145,70.07,135.25,,143.0,Long,Open
IFINSER.BO,2024-09-27,39,20.35,38.54,,60.56,Long,Open
IGL.NS,2024-09-16,533,423.0,520.68,,570.35,Long,Open
IIFL.NS,2024-10-08,454,396.75,439.66,,560.6,Long,Open
IIFLSEC.NS,2024-10-07,409,178.56,366.75,,407.0,Long,Open
IISL.BO,2024-09-24,10,7.14,7.36,,8.61,Long,Open
IITLPROJ.BO,2024-10-08,42,34.44,41.88,,44.59,Long,Open
IL&FSENGG.NS,2024-09-06,46,26.85,34.3,,39.99,Long,Open
IL&FSTRANS.NS,2024-10-09,5,4.85,5.17,,6.64,Long,Open
IMCAP.BO,2024-07-26,1031,540.6,889.92,,962.0,Long,Open
INANISEC.BO,2024-09-16,28,35.13,23.39,,24.99,Long,Open
INCAP.BO,2024-10-07,83,56.12,72.9,,93.84,Long,Open
INCON.BO,2024-09-20,20,12.51,14.84,,15.92,Long,Open
INDBNK.BO,2024-10-09,50,45.45,47.23,,56.89,Long,Open
INDCTST.BO,2024-10-08,70,65.05,65.74,,77.9,Long,Open
INDHOTEL.NS,2024-10-08,694,571.05,660.39,,720.45,Long,Open
INDIACEM.NS,2024-07-10,362,204.1,280.8,,297.9,Long,Open
INDIAGLYCO.NS,2024-10-08,1489,1191.05,1321.32,,1499.0,Long,Open
INDIAMART.NS,2024-10-08,2999,2826.1,2823.15,,3021.0,Long,Open
INDIANB.NS,2024-10-04,528,504.15,515.13,,541.8,Long,Open
INDICAP.BO,2024-09-23,16,15.47,13.96,,16.74,Long,Open
INDINFO.BO,2024-10-09,1,1.08,1.37,,1.41,Long,Open
INDOAMIN.BO,2024-10-08,206,108.0,197.46,,243.4,Long,Open
INDOBORAX.BO,2024-10-08,204,197.1,188.1,,262.6,Long,Open
INDOEURO.BO,2024-10-04,18,12.74,15.63,,17.32,Long,Open
INDOKEM.BO,2024-10-08,81,75.5,79.07,,85.85,Long,Open
INDORAMA.NS,2024-09-27,45,42.22,48.95,,51.75,Long,Open
INDOTECH.NS,2024-10-08,1865,1765.0,1670.81,,2020.0,Long,Open
INDOTHAI.NS,2024-08-19,842,205.2,243.25,,329.95,Long,Open
INDOWIND.NS,2024-10-09,23,20.15,22.26,,24.95,Long,Open
INDRAIND.BO,2024-09-03,12,6.76,6.03,,14.44,Long,Open
INDRANIB.BO,2024-10-08,41,38.81,38.88,,49.8,Long,Open
INDRENEW.BO,2024-09-27,13,13.15,12.24,,13.62,Long,Open
INDSUCR.BO,2024-10-07,129,99.9,119.88,,133.7,Long,Open
INDTERRAIN.NS,2024-10-08,55,54.4,53.47,,59.87,Long,Open
INFORTEC.BO,2024-09-30,96,80.0,88.5,,93.0,Long,Open
INFY.NS,2024-08-12,1953,1351.65,1776.95,,1803.5,Long,Open
INNOCORP.BO,2024-09-25,10,4.66,6.42,,7.35,Long,Open
INOXWIND.NS,2024-10-09,223,204.0,219.7,,261.9,Long,Open
INSPIRISYS.NS,2024-10-09,117,105.6,113.13,,176.5,Long,Open
INTECCAP.BO,2024-10-03,16,15.6,15.06,,16.83,Long,Open
INTEGFD.BO,2024-09-23,47,2.22,42.22,,45.46,Long,Open
INTELSOFT.BO,2024-09-23,4,5.6,3.86,,4.13,Long,Open
INTENTECH.NS,2024-10-09,145,124.67,135.29,,145.18,Long,Open
INTLCOMBQ.BO,2024-10-09,1269,1175.0,1251.25,,1505.0,Long,Open
INTLCONV.BO,2024-10-09,94,74.77,91.18,,110.5,Long,Open
IONEXCHANG.BO,2024-10-04,634,642.5,619.5,,663.0,Long,Open
IPCALAB.NS,2024-06-28,1612,669.8,1073.71,,1213.7,Long,Open
IRB.NS,2024-10-09,60,55.06,60.0,,60.89,Long,Open
IRIS.BO,2024-09-04,371,106.15,247.48,,265.0,Long,Open
ISEC.NS,2024-08-21,868,607.85,803.14,,882.9,Long,Open
ISGEC.BO,2024-10-08,1325,1268.1,1255.81,,1431.0,Long,Open
ISHITADR.BO,2024-10-08,81,74.0,77.0,,83.0,Long,Open
ISLCONSUL.BO,2024-08-22,34,26.0,27.13,,28.7,Long,Open
ISTRNETWK.BO,2024-10-03,4,1.01,3.21,,3.43,Long,Open
ISWL.BO,2024-09-30,5,3.32,3.47,,4.15,Long,Open
IWEL.BO,2024-10-08,12273,4930.9,11385.47,,14000.0,Long,Open
JAGSNPHARM.NS,2024-10-07,452,275.0,408.15,,450.0,Long,Open
JAIBALAJI.NS,2024-10-08,1121,783.1,996.16,,1180.0,Long,Open
JAINEX.BO,2024-09-27,220,40.25,196.25,,237.0,Long,Open
JAIPAN.BO,2024-10-09,35,31.43,32.7,,36.9,Long,Open
JAMESWARREN.BO,2024-10-07,328,210.25,318.11,,369.25,Long,Open
JAMSHRI.BO,2024-10-09,161,146.0,149.82,,295.65,Long,Open
JAUSPOL.BO,2024-09-13,9,4.96,6.76,,7.9,Long,Open
JAYAGROGN.NS,2024-10-08,299,273.6,286.65,,326.4,Long,Open
JAYBHCR.BO,2024-10-09,9,8.8,8.91,,9.24,Long,Open
JAYCH.BO,2024-10-09,9,7.79,9.22,,9.79,Long,Open
JAYKAY.BO,2024-10-08,124,80.68,96.93,,111.72,Long,Open
JAYSREETEA.NS,2024-10-08,151,86.1,142.86,,166.5,Long,Open
JAYUSH.BO,2024-10-08,740,707.05,766.65,,877.0,Long,Open
JBCHEPHARM.NS,2024-10-08,1790,1670.0,1703.04,,1969.55,Long,Open
JCHAC.NS,2024-10-08,2408,1802.4,2223.89,,2521.0,Long,Open
JCTLTD.BO,2024-09-27,1,1.57,1.3,,2.51,Long,Open
JHACC.BO,2024-10-07,334,255.0,246.43,,299.9,Long,Open
JHS.NS,2024-10-08,29,27.25,25.97,,32.69,Long,Open
JINDALPOLY.NS,2024-10-08,778,708.1,709.0,,839.8,Long,Open
JINDALSAW.NS,2024-10-08,369,331.83,354.39,,375.0,Long,Open
JINDCAP.BO,2024-10-08,55,31.65,53.85,,68.8,Long,Open
JKLAKSHMI.NS,2024-10-07,809,762.9,797.15,,818.3,Long,Open
JKPAPER.NS,2024-09-20,502,342.95,454.2,,474.0,Long,Open
JLL.BO,2024-10-07,49,38.53,45.11,,65.77,Long,Open
JPASSOCIAT.NS,2024-10-01,9,7.88,6.24,,10.25,Long,Open
JPPOWER.NS,2024-10-08,22,16.75,17.96,,20.79,Long,Open
JSHL.BO,2024-10-01,4,3.97,4.32,,5.97,Long,Open
JSLHISAR.BO,2023-01-30,561,199.55,442.1,,478.4,Long,Open
JSWENERGY.NS,2024-10-08,730,642.05,682.67,,804.9,Long,Open
JSWISPL.BO,2023-06-05,39,26.3,31.77,,32.95,Long,Open
JSWSTEEL.NS,2024-08-06,995,723.0,873.55,,957.95,Long,Open
JUBLINDS.NS,2024-10-09,1717,1565.0,1717.83,,1748.65,Long,Open
JUBLPHARMA.NS,2024-10-09,1164,701.8,1144.52,,1189.0,Long,Open
JUMBO.BO,2024-10-09,46,42.2,45.45,,47.0,Long,Open
JUSTDIAL.NS,2024-10-08,1242,1140.0,1152.89,,1242.4,Long,Open
JYOTI.BO,2024-09-12,116,60.0,87.45,,97.33,Long,Open
JYOTISTRUC.NS,2024-10-07,32,23.99,24.79,,29.18,Long,Open
KABRAEXTRU.NS,2024-10-09,411,385.0,406.88,,476.5,Long,Open
KACHCHH.BO,2024-10-08,28,26.83,27.65,,29.4,Long,Open
KACL.BO,2024-09-13,9,0.36,8.82,,9.2,Long,Open
KAIRA.BO,2024-09-30,1907,1784.0,1944.61,,2036.95,Long,Open
KAKTEX.BO,2024-10-07,25,20.61,21.96,,23.0,Long,Open
KALYANIFRG.NS,2024-10-09,496,450.0,480.81,,512.95,Long,Open
KAMADGIRI.BO,2024-10-08,102,61.35,93.36,,106.77,Long,Open
KAMDHENU.NS,2024-09-11,514,495.0,597.78,,646.0,Long,Open
KANCHI.BO,2024-10-01,680,393.9,687.75,,780.0,Long,Open
KANELIND.BO,2024-09-26,2,1.33,1.53,,1.68,Long,Open
KANORICHEM.NS,2024-10-08,141,115.1,133.51,,158.0,Long,Open
KANSHST.BO,2024-09-12,40,26.01,28.89,,34.99,Long,Open
KAPILCO.BO,2024-09-09,169,19.05,191.05,,191.05,Long,Open
KAPILRAJ.BO,2024-09-17,66,22.8,43.17,,46.49,Long,Open
KARNAVATI.BO,2024-10-08,3,1.92,2.44,,4.08,Long,Open
KATRSPG.BO,2024-10-03,231,13.26,224.24,,236.8,Long,Open
KAYCEEI.BO,2024-06-26,4707,6275.0,1188.79,,58273.85,Long,Open
KCDGROUP.BO,2024-10-09,9,,9.06,,11.8,Long,Open
KCLINFRA.BO,2024-10-03,2,1.32,1.53,,2.1,Long,Open
KDDL.NS,2024-10-09,2981,2735.1,2927.51,,3123.9,Long,Open
KECL.NS,2024-10-09,193,175.2,187.97,,197.0,Long,Open
KEI.NS,2024-10-09,4395,4022.55,4234.71,,4411.45,Long,Open
KEL.BO,2024-09-13,31,15.13,25.44,,27.22,Long,Open
KELENRG.BO,2024-10-09,3845,3502.0,3697.25,,3899.0,Long,Open
KELLTONTEC.NS,2024-10-08,151,132.12,133.21,,148.45,Long,Open
KEMISTAR.BO,2024-09-26,114,37.0,82.07,,106.35,Long,Open
KENNAMET.BO,2024-10-08,3118,2611.0,2912.54,,3469.9,Long,Open
KEYCORP.BO,2024-10-09,295,137.85,279.47,,319.1,Long,Open
KEYFINSERV.NS,2024-10-08,367,216.35,265.96,,312.0,Long,Open
KFBL.BO,2024-10-08,95,85.0,89.14,,112.6,Long,Open
KICL.NS,2024-10-09,6129,5505.0,6064.25,,6800.0,Long,Open
KINGSINFR.BO,2024-10-09,154,140.0,152.08,,158.0,Long,Open
KIRANPR.BO,2024-10-04,15,14.21,12.19,,19.78,Long,Open
KIRANSY-B.BO,2024-10-04,8,7.41,7.77,,9.5,Long,Open
KIRANVYPAR.BO,2024-10-08,269,157.25,261.5,,305.0,Long,Open
KIRIINDUS.NS,2024-10-01,353,315.05,343.05,,365.4,Long,Open
KIRLOSBROS.NS,2024-10-08,1748,1577.35,1665.76,,1890.0,Long,Open
KIRLPNU.BO,2024-10-08,1299,1191.9,1213.83,,1372.55,Long,Open
KITEX.NS,2024-10-09,524,209.42,508.2,,575.0,Long,Open
KKCL.NS,2024-09-11,652,636.0,620.05,,634.45,Long,Open
KKFIN.BO,2024-07-12,58,23.06,29.4,,42.26,Long,Open
KLBRENG-B.BO,2024-10-09,413,355.25,403.67,,430.0,Long,Open
KLGCAP.BO,2024-04-22,19,10.11,10.14,,10.84,Long,Open
KMCSHIL.BO,2024-09-10,82,69.0,86.14,,91.8,Long,Open
KMSUGAR.NS,2024-10-08,38,36.85,37.13,,42.6,Long,Open
KORE.BO,2024-09-27,9,6.06,6.28,,7.02,Long,Open
KOTHARIPET.NS,2024-10-08,227,206.11,201.97,,248.0,Long,Open
KOTHARIPRO.NS,2024-08-12,161,120.8,184.82,,215.78,Long,Open
KOVAI.BO,2024-10-09,5558,5229.0,5455.89,,5598.8,Long,Open
KPEL.BO,2024-10-08,497,364.15,444.89,,510.0,Long,Open
KPITTECH.NS,2024-10-01,1742,1293.05,1639.98,,1713.7,Long,Open
KRETTOSYS.BO,2024-09-30,1,0.8,1.13,,1.13,Long,Open
KRIDHANINF.NS,2024-10-08,5,4.01,4.1,,4.63,Long,Open
KRISHANA.NS,2024-10-09,233,215.0,226.62,,234.79,Long,Open
KRISHNA.BO,2024-10-01,78,79.0,78.67,,83.68,Long,Open
KRISHNACAP.BO,2024-10-07,29,22.05,26.74,,29.19,Long,Open
KRITIKA.NS,2024-10-09,15,13.7,14.06,,22.7,Long,Open
KRYPTONQ.BO,2024-10-09,59,37.1,58.47,,62.4,Long,Open
KSE.BO,2024-09-30,2476,1550.0,2385.0,,2445.0,Long,Open
KUWERIN.BO,2024-10-04,20,12.2,19.04,,21.63,Long,Open
KZLFIN.BO,2024-10-09,35,30.47,34.11,,38.9,Long,Open
LAFFANSQ.BO,2024-10-08,46,39.16,41.76,,52.9,Long,Open
LAHL.BO,2024-10-09,8,6.73,7.88,,8.43,Long,Open
LAKHOTIA.BO,2024-09-24,35,34.32,27.51,,27.56,Long,Open
LAL.BO,2024-10-08,29,20.5,25.8,,35.9,Long,Open
LALPATHLAB.NS,2024-10-01,3606,1943.7,3332.7,,3421.5,Long,Open
LASA.NS,2024-10-09,28,24.47,26.88,,30.3,Long,Open
LAURUSLABS.NS,2024-10-09,454,427.05,445.44,,518.0,Long,Open
LEENEE.BO,2024-10-08,12,10.5,11.24,,12.3,Long,Open
LEHAR.BO,2024-10-09,215,196.75,211.16,,241.7,Long,Open
LERTHAI.BO,2024-09-27,490,,445.4,,490.0,Long,Open
LGBFORGE.NS,2024-07-24,12,8.8,10.96,,13.08,Long,Open
LIBORDFIN.BO,2024-10-04,20,17.95,16.9,,22.03,Long,Open
LICNETFN50.BO,2024-08-07,275,201.88,266.28,,281.46,Long,Open
LINCOLN.NS,2024-10-08,685,660.9,664.75,,720.4,Long,Open
LKPSEC.BO,2024-10-08,23,19.45,22.13,,24.9,Long,Open
LLFICL.BO,2024-08-12,8,1.98,3.79,,3.94,Long,Open
LLOYDSME.NS,2024-10-08,983,674.8,902.02,,998.5,Long,Open
LOKESHMACH.NS,2024-10-03,391,342.6,371.96,,398.85,Long,Open
LOOKS.BO,2024-10-08,5,4.86,5.01,,5.36,Long,Open
LORDSCHLO.BO,2024-10-09,139,121.9,133.79,,141.2,Long,Open
LOTUSCHO.BO,2024-09-18,1992,305.2,1446.53,,2608.65,Long,Open
LOVABLE.NS,2024-10-09,140,127.35,135.08,,193.6,Long,Open
LOYAL.BO,2024-10-09,294,247.35,279.88,,307.95,Long,Open
LUDLOWJUT.BO,2024-10-04,158,80.0,144.63,,177.0,Long,Open
LUPIN.NS,2024-10-08,2286,1493.3,2174.95,,2240.0,Long,Open
LYPSAGEMS.NS,2024-10-09,8,7.37,7.65,,9.49,Long,Open
M&M.NS,2024-10-08,3153,16.57,3093.73,,3222.1,Long,Open
MAANALU.NS,2024-10-08,205,111.4,165.85,,195.0,Long,Open
MACPOWER.NS,2024-10-08,1234,1232.1,1186.4,,1397.3,Long,Open
MADHAV.NS,2024-10-09,54,50.71,53.58,,55.89,Long,Open
MAFATIND.BO,2024-09-05,161,97.2,178.76,,189.9,Long,Open
MAGNAELQ.BO,2024-09-19,882,,766.0,,910.0,Long,Open
MAGNUM.NS,2024-10-09,49,41.65,46.4,,52.6,Long,Open
MAHAPEXLTD.NS,2024-08-22,158,132.55,184.96,,218.35,Long,Open
MAHASTEEL.NS,2024-09-26,211,96.15,191.4,,205.3,Long,Open
MAHSCOOTER.NS,2024-10-08,11472,8490.6,10947.0,,12788.0,Long,Open
MAITRI.BO,2024-09-02,49,23.39,36.57,,38.64,Long,Open
MAJESAUT.BO,2024-10-08,439,315.0,409.24,,467.7,Long,Open
MALUPAPER.NS,2024-10-03,49,34.0,47.08,,54.51,Long,Open
MANAKCOAT.NS,2024-09-27,69,57.0,63.28,,72.0,Long,Open
MANGCHEFER.NS,2024-09-27,135,116.19,126.72,,130.9,Long,Open
MANGIND.BO,2024-09-18,4,3.88,3.88,,4.32,Long,Open
MANINDS.NS,2024-10-09,352,313.8,348.25,,361.0,Long,Open
MANORAMA.BO,2024-10-08,879,752.2,792.3,,857.75,Long,Open
MANUGRAPH.NS,2024-10-08,24,20.01,22.97,,26.99,Long,Open
MARICO.NS,2024-09-04,698,486.3,636.66,,692.8,Long,Open
MARIS.BO,2024-09-27,39,35.9,38.2,,40.0,Long,Open
MARKSANS.NS,2024-10-09,297,130.0,290.44,,306.75,Long,Open
MARSHALL.NS,2024-10-04,34,30.4,33.78,,38.49,Long,Open
MARSONS.BO,2024-10-09,333,37.54,318.07,,355.0,Long,Open
MARUTISE.BO,2024-09-16,10,7.77,9.45,,9.45,Long,Open
MASKINVEST.NS,2024-10-08,108,68.6,95.36,,132.47,Long,Open
MATRIMONY.NS,2024-10-08,803,732.2,756.16,,785.0,Long,Open
MAXHEALTH.NS,2024-10-08,962,836.6,925.72,,1118.0,Long,Open
MAXHEIGHTS.BO,2024-10-04,44,41.5,40.24,,49.11,Long,Open
MAXIND.NS,2024-10-07,259,233.0,239.74,,268.1,Long,Open
MAXVIL.BO,2023-07-28,216,121.6,192.97,,202.2,Long,Open
MAYURUNIQ.NS,2024-10-09,613,558.55,598.39,,619.95,Long,Open
MAZDA.NS,2024-09-27,1357,1240.0,1262.13,,1450.0,Long,Open
MAZDOCK.NS,2024-09-20,4087,2090.0,4114.86,,4423.0,Long,Open
MBLINFRA.NS,2024-10-04,62,58.55,58.45,,65.55,Long,Open
MCDOWELL-N.NS,2024-06-19,1463,981.35,1254.63,,1334.85,Long,Open
MCX.BO,2024-08-07,6102,1539.1,4203.4,,4399.0,Long,Open
MCX.NS,2024-08-07,5309,3075.25,4202.29,,4400.0,Long,Open
MEDINOV.BO,2024-09-19,39,33.0,37.14,,39.0,Long,Open
MEFCOMCAP.BO,2024-09-30,24,13.6,20.21,,24.14,Long,Open
MEGACOR.BO,2024-10-09,4,2.61,3.59,,4.49,Long,Open
MEGASTAR.BO,2024-09-25,252,215.05,279.35,,319.25,Long,Open
MEGRISOFT.BO,2024-10-04,117,111.1,116.54,,122.65,Long,Open
MEHAI.BO,2024-06-27,100,12.3,27.28,,31.11,Long,Open
MERCANTILE.BO,2024-10-09,26,23.1,25.65,,26.49,Long,Open
MERCURYLAB.BO,2024-10-08,1063,921.0,1018.75,,1135.0,Long,Open
METALFORGE.NS,2024-09-24,4,4.05,4.05,,4.75,Long,Open
METROPOLIS.NS,2024-08-16,2289,1450.0,2007.64,,2137.8,Long,Open
METSL.BO,2024-10-09,130,122.0,130.02,,145.0,Long,Open
MFSL.NS,2024-08-22,1190,854.25,1047.36,,1061.95,Long,Open
MGEL.NS,2024-10-08,26,23.11,23.38,,26.0,Long,Open
MIDEASTP.BO,2024-09-30,11,7.85,8.3,,8.86,Long,Open
MINID.BO,2024-10-01,160,17.1,140.65,,153.9,Long,Open
MISHKA.BO,2024-09-13,64,31.56,58.72,,63.05,Long,Open
MITSHI.BO,2024-09-25,18,17.32,17.37,,18.24,Long,Open
MKPL.NS,2024-10-09,9,8.5,9.02,,9.34,Long,Open
MMTC.NS,2024-10-09,85,80.05,85.05,,97.3,Long,Open
MNIL.BO,2024-09-26,21,15.0,24.05,,26.35,Long,Open
MODINATUR.BO,2024-09-09,402,194.0,309.34,,322.35,Long,Open
MODINSU.BO,2024-10-08,158,133.0,151.99,,172.95,Long,Open
MODRNSH.BO,2024-09-27,51,5.7,47.99,,51.99,Long,Open
MODWOOL.BO,2024-09-25,66,55.3,65.55,,65.55,Long,Open
MOHITPPR.BO,2024-10-04,37,37.0,37.38,,40.8,Long,Open
MOKSH.NS,2024-10-09,20,17.7,18.98,,25.25,Long,Open
MOLDTECH.NS,2024-10-08,230,221.1,216.38,,250.0,Long,Open
MOREPENLAB.NS,2024-10-09,87,77.57,85.49,,89.5,Long,Open
MORGAN.BO,2024-10-01,62,43.05,60.15,,67.65,Long,Open
MORGANITE.BO,2024-10-09,1711,1639.5,1696.18,,1770.0,Long,Open
MOTILALOFS.NS,2024-10-08,786,691.15,711.95,,758.0,Long,Open
MPAGI.BO,2024-10-01,10,9.89,9.89,,10.38,Long,Open
MPILCORPL.BO,2024-09-30,624,506.0,582.0,,623.0,Long,Open
MPL.BO,2024-09-19,13,13.2,13.74,,15.95,Long,Open
MSPL.NS,2024-10-01,54,22.45,52.84,,64.52,Long,Open
MSRINDIA.BO,2024-10-07,8,7.11,7.69,,8.75,Long,Open
MSTCLTD.NS,2024-10-09,708,600.1,661.89,,738.5,Long,Open
MTARTECH.NS,2024-10-08,1784,1670.45,1655.41,,1860.0,Long,Open
MTPL.BO,2024-10-09,33,31.6,32.13,,36.48,Long,Open
MUKESHB.BO,2024-10-09,143,131.0,140.79,,150.0,Long,Open
MUKTA.BO,2024-10-04,4,3.45,3.74,,4.04,Long,Open
MUKTAARTS.NS,2024-09-27,88,59.85,96.22,,116.79,Long,Open
MUL.BO,2024-10-08,14,13.65,12.67,,15.75,Long,Open
MULLER.BO,2024-09-26,367,234.5,268.29,,286.95,Long,Open
MUNJALAU.NS,2024-10-08,129,82.0,118.38,,127.0,Long,Open
MUNJALSHOW.NS,2024-09-20,162,154.41,168.55,,178.5,Long,Open
MUNOTHFI.BO,2024-09-24,65,61.11,64.9,,64.9,Long,Open
MUTHOOTCAP.NS,2024-10-08,367,291.0,357.49,,401.7,Long,Open
MYSORPETRO.BO,2024-10-08,233,216.5,230.9,,244.0,Long,Open
NAGAFERT.NS,2024-10-08,12,9.93,10.76,,11.94,Long,Open
NAGREEKEXP.NS,2024-10-09,39,36.0,38.65,,41.79,Long,Open
NAHARPOLY.NS,2024-10-09,247,232.0,238.05,,259.6,Long,Open
NAM-INDIA.NS,2024-10-01,645,579.6,662.59,,698.0,Long,Open
NAM.BO,2024-09-20,173,99.0,170.59,,198.0,Long,Open
NARBADA.BO,2024-10-08,76,51.06,73.49,,82.0,Long,Open
NATCOPHARM.NS,2024-10-07,1474,1376.05,1365.81,,1639.0,Long,Open
NATFIT.BO,2024-09-20,138,104.05,139.11,,147.1,Long,Open
NATGENI.BO,2020-11-17,69,22.95,28.09,,28.35,Long,Open
NATPLASTI.BO,2024-09-27,422,373.45,373.01,,393.0,Long,Open
NATPLY.BO,2024-10-08,7,4.35,5.85,,6.5,Long,Open
NATRAJPR.BO,2024-10-08,47,43.05,43.85,,51.71,Long,Open
NAUKRI.NS,2024-08-07,8392,3972.05,6900.41,,7327.75,Long,Open
NAVA.NS,2024-09-23,1036,455.5,1235.7,,1347.8,Long,Open
NAZARA.NS,2024-10-09,978,890.9,964.78,,1017.0,Long,Open
NBFOOT.BO,2024-10-01,16,1.43,14.18,,14.73,Long,Open
NCC.NS,2024-08-19,299,154.65,316.59,,329.6,Long,Open
NCCBLUE.BO,2024-07-15,28,4.66,9.35,,9.35,Long,Open
NCLIND.NS,2024-10-08,214,202.37,205.95,,217.79,Long,Open
NDGL.NS,2024-09-11,4472,2244.55,3323.13,,3470.0,Long,Open
NDL.NS,2024-10-08,6,4.52,5.67,,7.35,Long,Open
NDRAUTO.NS,2024-10-08,859,755.1,743.9,,1039.95,Long,Open
NEERAJ.BO,2024-10-08,19,17.15,18.69,,20.9,Long,Open
NEOGEN.NS,2024-10-01,2059,1461.25,2109.56,,2390.0,Long,Open
NETTLINX.BO,2024-10-04,86,75.2,84.75,,96.5,Long,Open
NEWLIGHT.BO,2024-09-19,76,18.11,57.35,,62.77,Long,Open
NGIND.BO,2024-10-09,173,154.0,165.43,,179.95,Long,Open
NIBL.NS,2024-10-08,34,33.02,31.91,,37.48,Long,Open
NIDHGRN.BO,2024-10-07,162,151.6,150.15,,161.7,Long,Open
NIHARINF.BO,2024-10-09,6,5.45,5.75,,7.14,Long,Open
NIKKIGL.BO,2024-09-13,9,4.77,10.2,,10.2,Long,Open
NILAINFRA.NS,2024-10-09,13,11.42,12.53,,13.44,Long,Open
NILE.BO,2024-10-08,2243,2141.3,1983.4,,2248.0,Long,Open
NINSYS.BO,2024-10-08,571,449.45,554.83,,629.45,Long,Open
NIPPOBATRY.NS,2024-09-24,567,546.05,576.65,,605.0,Long,Open
NOGMIND.BO,2024-09-23,3,2.79,2.58,,2.6,Long,Open
NORTHLINK.BO,2024-10-07,26,24.0,25.2,,25.2,Long,Open
NPRFIN.BO,2024-09-26,26,19.26,23.87,,27.9,Long,Open
NRAIL.NS,2024-07-02,363,196.25,489.66,,548.0,Long,Open
NTCIND.BO,2024-10-08,216,188.3,191.38,,236.0,Long,Open
NTL.BO,2024-10-04,3,2.79,3.08,,3.08,Long,Open
NUTRICIRCLE.BO,2024-09-23,252,186.25,202.8,,280.0,Long,Open
OASISEC.BO,2024-10-09,204,181.3,187.73,,207.0,Long,Open
OBEROIRLTY.NS,2024-10-09,1835,1714.05,1782.55,,1970.0,Long,Open
OCCL.NS,2024-10-09,258,240.0,249.88,,258.35,Long,Open
OCTAVE.BO,2024-10-01,5,2.33,4.61,,5.87,Long,Open
ODYCORP.BO,2024-08-19,26,6.46,10.95,,11.94,Long,Open
OFSS.NS,2024-10-09,11653,10651.25,11385.36,,11755.6,Long,Open
OIL.NS,2024-10-08,574,534.9,547.61,,605.0,Long,Open
OKPLA.BO,2024-10-08,14,13.27,13.15,,15.52,Long,Open
OLECTRA.NS,2024-10-08,1679,1521.0,1585.41,,1770.0,Long,Open
OLPCL.BO,2024-10-08,4,3.24,3.36,,3.79,Long,Open
OMAXAUTO.NS,2024-10-08,125,118.51,111.69,,133.77,Long,Open
OMAXE.NS,2024-10-08,120,107.1,111.12,,118.7,Long,Open
OMINFRAL.NS,2024-10-08,172,160.97,159.53,,173.4,Long,Open
OMKARCHEM.NS,2024-09-30,9,6.15,8.55,,9.73,Long,Open
OMNIAX.BO,2024-10-08,4,2.64,3.43,,3.98,Long,Open
ONEGLOBAL.BO,2024-10-04,160,133.95,151.38,,185.0,Long,Open
ONGC.NS,2024-09-24,289,223.0,296.53,,302.0,Long,Open
OPTIEMUS.NS,2024-10-08,707,215.8,625.57,,873.8,Long,Open
OPTIFIN.BO,2024-08-14,124,72.9,106.25,,116.0,Long,Open
ORCHPHARMA.NS,2024-10-09,1373,1240.05,1343.48,,1380.0,Long,Open
ORGCOAT.BO,2024-09-30,22,9.03,17.4,,19.95,Long,Open
ORICONENT.NS,2024-10-01,37,36.3,38.2,,40.9,Long,Open
ORIENTHOT.NS,2024-09-27,177,123.4,174.22,,192.2,Long,Open
ORIENTTR.BO,2024-10-01,15,13.44,14.45,,16.7,Long,Open
OROSMITHS.BO,2024-10-08,4,3.2,3.75,,5.44,Long,Open
ORTEL.NS,2024-10-01,2,1.32,1.74,,2.17,Long,Open
OSIAJEE.BO,2024-09-16,48,38.01,44.36,,53.0,Long,Open
OSWALSEEDS.NS,2024-10-01,25,23.65,24.86,,30.0,Long,Open
OSWAYRN.BO,2024-07-29,55,5.32,17.63,,20.04,Long,Open
OTCO.BO,2024-10-01,7,6.02,7.33,,8.3,Long,Open
OVOBELE.BO,2024-10-08,197,182.0,186.35,,203.95,Long,Open
PADAMCO.BO,2024-08-19,126,42.13,55.01,,63.9,Long,Open
PADMAIND.BO,2024-10-09,5,4.56,4.69,,5.24,Long,Open
PADMALAYAT.BO,2024-09-11,6,2.76,2.68,,2.95,Long,Open
PAGEIND.NS,2024-09-10,43935,33070.05,40445.8,,42891.15,Long,Open
PALASHSECU.NS,2024-10-08,146,139.3,144.75,,169.44,Long,Open
PALCO.BO,2020-10-28,135,22.0,18.6,,18.6,Long,Open
PALREDTEC.NS,2024-10-07,124,84.16,123.4,,142.5,Long,Open
PANACEABIO.NS,2024-10-09,291,130.0,276.19,,331.35,Long,Open
PANACHE.NS,2024-09-12,181,67.35,146.68,,181.77,Long,Open
PANCARBON.BO,2024-10-09,669,609.05,671.38,,739.0,Long,Open
PANCHMAHQ.BO,2024-10-08,221,196.75,213.5,,239.0,Long,Open
PANCHSHEEL.BO,2024-10-08,228,219.0,209.16,,293.0,Long,Open
PANKAJPIYUS.BO,2024-09-30,318,249.55,295.42,,318.0,Long,Open
PANKAJPO.BO,2024-09-24,12,7.73,10.14,,12.73,Long,Open
PANSARI.NS,2024-10-09,126,115.15,120.38,,141.5,Long,Open
PARAGMILK.NS,2024-10-08,217,174.01,198.32,,219.3,Long,Open
PARKERAC.BO,2024-10-08,17,14.58,16.12,,18.83,Long,Open
PARNAXLAB.BO,2024-09-24,118,91.4,116.79,,132.7,Long,Open
PARSHWANA.BO,2024-09-23,127,43.0,86.88,,93.55,Long,Open
PARSVNATH.NS,2024-09-24,19,11.15,17.08,,19.9,Long,Open
PASUPTAC.BO,2024-09-16,51,33.2,59.94,,70.79,Long,Open
PATIDAR.BO,2024-08-30,10,8.97,8.51,,8.51,Long,Open
PATINTLOG.NS,2024-10-04,23,21.67,23.04,,25.1,Long,Open
PAVNAIND.NS,2024-10-07,534,407.95,502.25,,549.45,Long,Open
PBAINFRA.BO,2024-09-13,20,3.9,19.15,,20.12,Long,Open
PCCOSMA.BO,2024-10-08,883,404.4,687.22,,825.9,Long,Open
PCJEWELLER.NS,2024-10-08,156,44.05,146.99,,187.07,Long,Open
PCS.BO,2024-10-08,34,27.35,32.86,,35.26,Long,Open
PDMJEPAPER.NS,2024-10-09,121,102.54,113.91,,125.8,Long,Open
PEETISEC.BO,2024-09-18,25,18.9,23.1,,23.95,Long,Open
PERFEPA.BO,2024-10-07,139,102.95,128.6,,142.4,Long,Open
PFIZER.NS,2024-09-27,5706,3950.0,5534.19,,5885.6,Long,Open
PFOCUS.NS,2024-10-08,150,131.1,138.23,,147.5,Long,Open
PFS.NS,2024-10-09,49,45.29,48.11,,49.5,Long,Open
PGEL.NS,2024-10-08,619,146.71,552.9,,694.0,Long,Open
PGFOILQ.BO,2024-10-09,222,199.0,220.5,,226.0,Long,Open
PGIL.NS,2024-10-04,959,870.95,895.05,,939.75,Long,Open
PHARMAID.BO,2024-09-27,41,40.03,38.62,,46.39,Long,Open
PHOENXINTL.BO,2024-10-09,71,63.1,66.63,,80.4,Long,Open
PHOTON.BO,2024-09-20,91,66.97,85.98,,92.99,Long,Open
PHYTO.BO,2024-10-07,30,26.4,28.09,,31.35,Long,Open
PICTUREHS.BO,2024-09-24,9,7.03,8.65,,9.65,Long,Open
PIFL.BO,2024-07-12,20,6.43,14.31,,15.7,Long,Open
PIGL.NS,2024-09-27,242,65.15,171.66,,171.66,Long,Open
PITTIENG.NS,2024-09-18,1340,623.0,1282.49,,1312.0,Long,Open
PKTEA.NS,2024-10-08,521,280.25,503.89,,594.9,Long,Open
PNC.NS,2024-10-09,67,59.31,64.57,,79.3,Long,Open
POEL.BO,2024-10-08,800,294.25,721.5,,804.3,Long,Open
POLOHOT.BO,2024-10-09,9,8.55,8.72,,10.17,Long,Open
POLYCAB.NS,2024-09-23,7397,5930.05,6552.24,,6924.5,Long,Open
POLYCHMP.BO,2024-09-30,72,56.3,66.85,,69.4,Long,Open
POLYLINK.BO,2024-10-09,37,34.51,36.49,,43.8,Long,Open
PORWAL.BO,2024-10-09,67,51.51,61.24,,68.7,Long,Open
POWERINDIA.NS,2024-10-08,14481,10804.95,13540.36,,14849.95,Long,Open
PPL.NS,2024-10-09,581,526.65,578.71,,596.8,Long,Open
PRADHIN.BO,2024-10-08,43,,41.18,,44.86,Long,Open
PRADPME.BO,2024-10-08,295,266.4,277.29,,305.0,Long,Open
PRAKASHSTL.NS,2024-10-08,9,8.6,8.39,,9.62,Long,Open
PRECAM.NS,2024-10-08,237,222.0,215.11,,252.0,Long,Open
PRECOT.NS,2024-10-09,432,399.8,417.66,,454.0,Long,Open
PRECWIRE.NS,2024-10-08,214,142.5,184.98,,210.9,Long,Open
PREMEXPLN.NS,2024-10-08,511,500.0,474.45,,578.8,Long,Open
PRESTIGE.NS,2024-10-08,1858,1687.1,1734.8,,1972.0,Long,Open
PRIMAGR.BO,2024-09-24,26,23.15,27.97,,31.98,Long,Open
PRIMAIN.BO,2024-10-09,21,19.01,21.4,,23.9,Long,Open
PRIMESECU.NS,2024-10-08,280,265.0,268.46,,285.0,Long,Open
PRIMEURB.BO,2024-10-08,10,9.0,9.52,,10.48,Long,Open
PRIMIND.BO,2024-10-09,167,157.0,161.06,,190.95,Long,Open
PRISMMEDI.BO,2024-09-20,28,19.06,29.76,,37.2,Long,Open
PRITHVIEXCH.BO,2024-10-09,439,386.0,423.75,,477.7,Long,Open
PRIVISCL.NS,2024-09-05,1555,975.0,1465.93,,1565.0,Long,Open
PRIYALT.BO,2024-09-27,22,11.9,18.22,,20.63,Long,Open
PROMACT.BO,2024-09-24,14,11.9,13.61,,17.24,Long,Open
PRSMJOHNSN.NS,2024-10-09,198,154.0,197.45,,243.99,Long,Open
PRSNTIN.BO,2024-10-09,10,8.95,9.44,,13.18,Long,Open
PULSRIN.BO,2024-09-30,18,,15.86,,17.6,Long,Open
PURVA.NS,2024-10-09,394,348.55,379.71,,466.4,Long,Open
PVR.NS,2023-07-07,1421,1336.4,1388.75,,1445.0,Long,Open
PVVINFRA.BO,2024-10-07,8,7.07,7.11,,8.25,Long,Open
PWASML.BO,2024-10-08,37,35.18,35.55,,38.99,Long,Open
QUANTBUILD.BO,2024-10-07,4,3.62,3.66,,5.34,Long,Open
QUASAR.BO,2024-10-01,22,11.55,20.81,,24.49,Long,Open
QUICKHEAL.NS,2024-10-07,708,625.1,645.5,,717.45,Long,Open
RADAAN.NS,2024-10-08,3,1.94,2.95,,4.08,Long,Open
RADHIKAJWE.BO,2024-10-08,139,56.21,132.27,,157.35,Long,Open
RADICO.NS,2024-10-09,2116,1927.75,2038.82,,2170.0,Long,Open
RADIOCITY.NS,2024-09-25,16,14.51,15.39,,16.24,Long,Open
RAINBOWF.BO,2024-10-08,23,21.79,21.44,,25.68,Long,Open
RAJKSYN.BO,2024-09-17,60,24.6,41.06,,50.74,Long,Open
RAJMET.NS,2024-10-09,10,9.6,10.3,,10.74,Long,Open
RAJRATAN.NS,2024-10-09,570,526.0,547.74,,576.95,Long,Open
RAJSPTR.BO,2024-09-23,4,3.13,3.59,,3.59,Long,Open
RAJSREESUG.NS,2024-10-08,72,69.8,69.04,,78.6,Long,Open
RAJTUBE.BO,2024-10-08,38,26.0,35.45,,42.26,Long,Open
RALEGRA.BO,2024-10-08,45,34.31,43.93,,47.0,Long,Open
RAMANEWS.NS,2024-10-09,20,18.61,19.65,,21.0,Long,Open
RAMAPETRO.BO,2024-08-12,9,3.9,9.03,,9.03,Long,Open
RAMAPHO.BO,2024-10-08,206,176.6,196.46,,210.0,Long,Open
RAMAPPR-B.BO,2024-09-20,17,14.07,15.75,,16.99,Long,Open
RAMASTEEL.NS,2024-10-08,14,9.99,13.68,,17.55,Long,Open
RAMAVISION.BO,2024-09-23,136,82.27,103.31,,125.0,Long,Open
RAMCOCEM.NS,2024-08-16,855,930.65,788.13,,806.5,Long,Open
RAMGOPOLY.BO,2024-10-09,6,4.51,6.31,,6.8,Long,Open
RAMINFO.BO,2024-09-26,113,114.9,116.75,,128.0,Long,Open
RAMKY.NS,2024-10-09,646,601.0,641.6,,724.0,Long,Open
RAMRAT.BO,2024-09-10,704,244.95,614.36,,669.95,Long,Open
RANEHOLDIN.NS,2024-10-08,1988,1936.0,1918.56,,2458.7,Long,Open
RASRESOR.BO,2024-09-04,55,36.39,45.65,,47.0,Long,Open
RATHIBAR.BO,2024-10-07,54,42.0,51.24,,59.79,Long,Open
RCAN.BO,2024-10-08,649,129.0,636.56,,656.25,Long,Open
RCIIND.BO,2024-08-26,7,3.79,4.72,,5.08,Long,Open
RCOM.NS,2024-10-01,3,1.53,2.04,,2.11,Long,Open
RDBRIL.BO,2024-09-20,498,138.2,364.25,,425.3,Long,Open
RECLTD.NS,2024-10-08,532,509.85,494.68,,569.45,Long,Open
REGENCY.BO,2024-09-02,36,10.5,14.65,,16.0,Long,Open
RELICAB.BO,2024-10-08,144,133.7,133.69,,156.0,Long,Open
REPL.NS,2024-09-26,197,169.0,205.51,,228.5,Long,Open
REPRO.NS,2024-10-09,617,554.75,581.75,,629.0,Long,Open
RESPONIND.NS,2024-10-08,271,259.5,263.83,,300.0,Long,Open
RESPONSINF.BO,2024-10-09,67,62.12,65.44,,75.95,Long,Open
RGL.NS,2024-10-01,133,87.4,125.0,,140.0,Long,Open
RGRL.BO,2024-10-01,10,8.01,9.44,,10.35,Long,Open
RIBATEX.BO,2024-10-01,78,73.4,76.41,,83.63,Long,Open
RICHAIND.BO,2024-10-08,2,1.8,1.8,,2.36,Long,Open
RICOAUTO.NS,2024-09-05,108,85.1,119.97,,125.9,Long,Open
RIR.BO,2024-10-08,4022,1691.9,3694.27,,4878.6,Long,Open
RISHDIGA.BO,2024-10-08,44,33.0,40.76,,47.4,Long,Open
RITES.NS,2024-10-09,325,292.2,312.1,,333.25,Long,Open
RKEC.NS,2024-09-27,140,107.75,120.67,,133.0,Long,Open
RNBDENIMS.BO,2024-08-14,80,33.26,70.85,,81.0,Long,Open
RODIUM.BO,2024-10-03,105,54.16,96.01,,109.9,Long,Open
ROLCOEN.BO,2024-10-08,870,,769.6,,1026.45,Long,Open
ROLLT.NS,2024-10-09,2,2.0,2.05,,2.28,Long,Open
ROLTA.NS,2024-10-09,3,3.13,3.36,,3.71,Long,Open
ROSELABS.BO,2024-09-27,35,27.31,28.0,,28.43,Long,Open
ROSSELLIND.NS,2024-10-08,101,113.39,100.95,,639.8,Long,Open
ROYALCU.BO,2024-10-08,32,28.5,27.92,,32.02,Long,Open
RPEL.BO,2024-10-08,1138,1017.3,983.07,,1130.0,Long,Open
RPGLIFE.NS,2024-09-20,2726,1381.0,2140.5,,2422.0,Long,Open
RPOWER.NS,2024-10-09,48,29.21,45.89,,53.64,Long,Open
RPSGVENT.NS,2024-10-04,1076,670.1,1028.79,,1130.0,Long,Open
RSCINT.BO,2024-09-16,15,4.08,15.09,,15.09,Long,Open
RSDFIN.BO,2024-10-08,148,138.05,130.8,,154.2,Long,Open
RSSOFTWARE.NS,2024-10-08,269,245.0,247.21,,312.9,Long,Open
RSYSTEMS.NS,2024-10-04,500,450.2,495.97,,519.0,Long,Open
RTFL.BO,2024-09-23,76,38.28,59.85,,63.1,Long,Open
RTNPOWER.NS,2024-10-08,17,14.23,15.24,,17.19,Long,Open
S&SPOWER.NS,2024-10-03,423,18.8,374.91,,412.0,Long,Open
SAB.BO,2024-10-08,186,159.0,181.48,,207.5,Long,Open
SABEVENTS.NS,2024-10-07,12,10.41,10.81,,11.13,Long,Open
SABOOSOD.BO,2024-10-09,29,15.47,27.54,,30.99,Long,Open
SACHEMT.BO,2024-10-04,27,19.0,24.42,,30.29,Long,Open
SADBHAV.NS,2024-10-08,35,29.75,32.83,,38.67,Long,Open
SAENTER.BO,2024-10-08,34,28.39,32.64,,34.35,Long,Open
SAFARI.NS,2024-10-07,2608,2315.0,2429.84,,2597.35,Long,Open
SAHLIBHFI.BO,2024-09-23,793,407.0,725.88,,776.95,Long,Open
SAINIK.BO,2024-09-24,44,40.75,41.19,,49.5,Long,Open
SAKHTISUG.NS,2024-09-20,41,28.95,38.45,,40.2,Long,Open
SAKSOFT.NS,2024-09-27,246,263.6,271.85,,293.75,Long,Open
SALASAR.NS,2024-10-09,19,17.76,18.92,,19.56,Long,Open
SALSTEEL.NS,2024-10-08,28,18.56,26.42,,31.18,Long,Open
SALZERELEC.NS,2024-10-07,1088,909.75,921.3,,969.0,Long,Open
SAMBHAAV.NS,2024-10-08,6,4.41,5.67,,6.5,Long,Open
SAMINDUS.BO,2024-10-08,75,69.49,73.46,,79.69,Long,Open
SAMRATPH.BO,2024-10-09,536,330.0,527.83,,625.0,Long,Open
SAMTEX.BO,2024-10-08,3,2.56,2.78,,3.03,Long,Open
SAMYAKINT.BO,2024-10-08,56,54.2,50.92,,67.43,Long,Open
SANCTRN.BO,2024-10-04,760,685.0,737.51,,786.75,Long,Open
SANDUPHQ.BO,2024-10-08,59,57.51,57.99,,60.5,Long,Open
SANGHVIMOV.NS,2024-10-08,395,375.05,362.91,,424.65,Long,Open
SANPA.BO,2024-10-09,282,201.45,271.5,,302.9,Long,Open
SANTETX.BO,2024-09-30,155,147.25,148.58,,188.15,Long,Open
SARDAEN.NS,2024-10-08,497,201.0,454.41,,499.25,Long,Open
SAREGAMA.NS,2024-10-08,623,477.0,594.93,,688.9,Long,Open
SARLAPOLY.NS,2024-10-08,90,81.56,84.36,,92.0,Long,Open
SARTHAKIND.BO,2024-10-08,26,22.73,25.18,,38.01,Long,Open
SASKEN.NS,2024-10-08,1662,1439.9,1465.86,,1498.0,Long,Open
SATINDLTD.BO,2024-10-08,122,86.2,116.61,,135.35,Long,Open
SAYAJIIND.BO,2024-10-08,220,163.1,217.68,,234.0,Long,Open
SBECSYS.BO,2024-10-03,43,40.6,41.76,,44.96,Long,Open
SBFL.BO,2024-09-20,27,19.51,23.85,,25.36,Long,Open
SBGLP.BO,2024-10-03,131,112.4,109.13,,115.5,Long,Open
SCAGRO.BO,2024-10-03,17,16.8,15.77,,16.35,Long,Open
SCANPGEOM.BO,2024-10-08,10,8.05,9.2,,10.05,Long,Open
SCHAND.NS,2024-10-08,218,210.05,207.29,,219.97,Long,Open
SCHNEIDER.NS,2024-10-08,826,745.0,752.44,,884.55,Long,Open
SDL.BO,2024-09-12,26,13.51,18.5,,36.33,Long,Open
SEAMECLTD.NS,2024-10-04,1439,1309.05,1330.5,,1499.0,Long,Open
SECMARK.BO,2024-10-07,106,86.1,86.66,,96.0,Long,Open
SECURKLOUD.NS,2024-10-08,42,30.71,31.28,,35.3,Long,Open
SERVOTECH.NS,2024-10-08,188,75.5,167.74,,205.4,Long,Open
SFPIL.BO,2024-09-13,10,4.98,12.66,,12.7,Long,Open
SGIL.BO,2024-09-17,410,309.65,420.0,,488.45,Long,Open
SHAHFOOD.BO,2024-08-16,233,148.05,221.8,,221.8,Long,Open
SHAKTIPUMP.NS,2024-10-08,4683,3910.5,4209.2,,4789.4,Long,Open
SHALIWIR.BO,2024-10-09,28,22.25,26.62,,38.88,Long,Open
SHANTAI.BO,2024-10-07,53,46.11,52.61,,52.65,Long,Open
SHAQUAK.BO,2024-09-27,2,1.5,1.47,,1.59,Long,Open
SHARDACROP.NS,2024-09-23,567,345.0,535.59,,583.8,Long,Open
SHARDUL.BO,2024-09-20,458,233.0,402.91,,423.55,Long,Open
SHARIABEES.BO,2024-05-14,587,388.74,477.19,,505.11,Long,Open
SHEMAROO.NS,2024-10-09,188,169.9,184.0,,215.0,Long,Open
SHESHAINDS.BO,2024-10-09,13,12.06,13.26,,14.9,Long,Open
SHILCTECH.BO,2024-10-03,6091,5351.6,5415.42,,6265.0,Long,Open
SHILGRAVQ.BO,2024-10-08,172,158.1,160.5,,177.0,Long,Open
SHILPAMED.NS,2024-10-08,827,417.6,767.07,,959.5,Long,Open
SHIVAAGRO.BO,2024-10-08,48,39.5,41.2,,47.8,Long,Open
SHIVAMILLS.NS,2024-10-09,90,83.5,89.92,,102.0,Long,Open
SHIVATEX.NS,2024-09-23,210,164.51,187.09,,220.0,Long,Open
SHK.NS,2024-10-04,322,180.0,288.79,,312.0,Long,Open
SHKARTP.BO,2024-10-03,12,8.5,11.16,,14.76,Long,Open
SHOPERSTOP.NS,2024-10-01,770,697.0,793.75,,909.95,Long,Open
SHRADHA.NS,2024-10-01,156,125.66,145.03,,160.17,Long,Open
SHREEGANES.BO,2024-10-04,1,1.05,1.05,,1.21,Long,Open
SHREEPAC.BO,2024-09-27,152,139.0,157.25,,173.0,Long,Open
SHREMETAL.BO,2024-09-24,41,32.22,38.86,,50.57,Long,Open
SHREYAS.NS,2024-10-08,337,293.85,316.91,,365.8,Long,Open
SHREYASI.BO,2024-10-08,10,8.57,9.42,,10.95,Long,Open
SHRIKRISH.BO,2024-10-09,40,35.61,38.46,,41.0,Long,Open
SHRISTI.BO,2024-10-09,59,40.0,56.2,,59.8,Long,Open
SHUKJEW.BO,2024-09-23,10,12.5,7.9,,24.22,Long,Open
SHUKRAPHAR.BO,2024-10-09,73,59.02,69.15,,81.97,Long,Open
SHYAMMETL.BO,2024-08-30,930,530.1,781.25,,844.85,Long,Open
SHYAMTEL.BO,2024-10-09,13,12.21,12.96,,14.05,Long,Open
SICAGEN.BO,2024-10-03,89,52.5,89.27,,118.8,Long,Open
SICALLOG.NS,2024-08-19,177,134.01,121.12,,175.6,Long,Open
SIEL.BO,2024-10-08,61,57.0,57.69,,66.0,Long,Open
SIEMENS.NS,2024-10-08,7677,6502.75,7066.42,,7550.0,Long,Open
SIKA.BO,2024-10-09,2593,2321.0,2597.49,,2750.0,Long,Open
SIKOZY.BO,2024-09-26,1,1.1,1.18,,1.24,Long,Open
SILGO.NS,2024-10-08,44,32.59,40.88,,46.0,Long,Open
SILLYMONKS.NS,2024-10-04,24,16.25,21.44,,24.97,Long,Open
SILVERO.BO,2024-10-07,4,4.25,3.95,,4.69,Long,Open
SILVOAK.BO,2024-09-12,136,45.79,80.58,,91.77,Long,Open
SIMMOND.BO,2024-10-08,125,83.98,113.95,,131.9,Long,Open
SIMPLXMIL.BO,2024-08-13,6933,1925.05,3939.64,,4254.0,Long,Open
SINDHUTRAD.BO,2024-10-08,27,21.28,20.47,,25.45,Long,Open
SINGER.BO,2024-10-08,86,81.5,79.06,,102.5,Long,Open
SINNAR.BO,2024-10-04,778,715.05,741.0,,797.0,Long,Open
SIPL.BO,2024-10-01,14,10.51,13.31,,14.95,Long,Open
SITAENT.BO,2024-09-24,84,32.05,64.54,,71.5,Long,Open
SIYSIL.NS,2024-10-04,524,471.6,473.23,,491.9,Long,Open
SJVN.NS,2024-09-27,121,114.55,129.06,,134.89,Long,Open
SKCIL.BO,2024-10-09,223,195.0,215.6,,222.65,Long,Open
SKIPPER.NS,2024-10-08,522,323.05,462.88,,513.8,Long,Open
SKMEGGPROD.NS,2024-10-09,254,234.05,250.36,,255.65,Long,Open
SKPMIL.BO,2024-10-09,41,38.82,39.31,,47.44,Long,Open
SKPSEC.BO,2024-10-08,174,129.0,154.67,,200.0,Long,Open
SKRABUL.BO,2024-10-04,22,20.0,19.17,,23.87,Long,Open
SKYGOLD.BO,2024-09-23,2941,902.1,2529.18,,2830.0,Long,Open
SKYIND.BO,2024-10-09,169,96.15,166.34,,187.8,Long,Open
SMLISUZU.NS,2024-10-01,1821,1890.15,1852.88,,1959.0,Long,Open
SMLT.BO,2024-10-08,184,164.0,175.46,,204.65,Long,Open
SMSPHARMA.NS,2024-10-01,343,175.25,358.91,,376.65,Long,Open
SNOWMAN.NS,2024-10-08,79,71.11,76.06,,91.65,Long,Open
SOFTSOL.BO,2024-09-26,546,215.0,411.08,,450.0,Long,Open
SOLIDSTON.BO,2024-10-07,34,31.15,33.5,,39.59,Long,Open
SOLIMAC.BO,2024-09-27,112,91.6,92.76,,106.39,Long,Open
SOMATEX.NS,2024-10-08,39,32.21,38.23,,43.57,Long,Open
SOMICONVEY.NS,2024-10-09,155,143.01,152.98,,155.02,Long,Open
SONAL.BO,2024-10-09,121,95.0,116.4,,132.0,Long,Open
SOTL.NS,2024-10-09,562,501.5,555.49,,573.0,Long,Open
SOVERDIA.BO,2024-10-09,49,26.25,45.24,,60.29,Long,Open
SPCAPIT.BO,2024-10-08,51,50.25,50.46,,58.5,Long,Open
SPENTA.BO,2024-10-09,130,112.0,119.38,,141.5,Long,Open
SPICEJET.BO,2024-10-08,66,56.35,58.66,,69.25,Long,Open
SPMLINFRA.NS,2024-10-09,254,230.65,241.59,,302.9,Long,Open
SPORTKING.BO,2024-10-08,119,106.45,112.71,,119.35,Long,Open
SPSINT.BO,2024-08-12,37,5.37,35.51,,35.51,Long,Open
SPTRSHI.BO,2024-10-07,41,37.3,38.63,,40.85,Long,Open
SRAMSET.BO,2024-08-28,410,230.05,574.61,,636.0,Long,Open
SRECR.BO,2024-09-23,70,67.1,62.83,,65.3,Long,Open
SRHHYPOLTD.NS,2024-10-04,772,550.0,709.85,,794.0,Long,Open
SRIKPRIND.BO,2024-10-01,37,30.67,34.85,,37.4,Long,Open
SRINACHA.BO,2024-10-07,38,35.61,37.06,,42.0,Long,Open
SRIND.BO,2024-09-23,2,1.2,1.25,,1.26,Long,Open
SRMCL.BO,2024-10-09,93,50.53,86.49,,99.04,Long,Open
SRMENERGY.BO,2024-10-08,19,16.75,17.81,,21.25,Long,Open
SRPL.NS,2024-10-07,1,0.99,1.14,,1.22,Long,Open
SSWRL.BO,2024-10-09,39,34.2,39.83,,44.7,Long,Open
STANROS.BO,2024-09-30,85,77.3,88.5,,92.7,Long,Open
STAR.NS,2024-09-23,1505,900.55,1299.96,,1431.0,Long,Open
STARCEMENT.NS,2024-10-01,209,189.92,205.07,,217.24,Long,Open
STARCOM.BO,2024-10-01,138,49.52,116.75,,146.8,Long,Open
STARDELTA.BO,2024-10-09,840,680.5,769.95,,853.8,Long,Open
STARLITE.BO,2024-09-03,4,2.29,3.11,,3.28,Long,Open
STARTECK.BO,2024-09-18,272,204.3,254.15,,278.15,Long,Open
STDBAT.BO,2024-10-08,83,76.5,77.11,,88.8,Long,Open
STEELCITY.NS,2024-10-08,95,92.15,89.82,,105.0,Long,Open
STELLAR.BO,2024-10-01,6,3.9,5.9,,6.49,Long,Open
STEP2COR.BO,2024-10-04,38,27.88,32.75,,35.0,Long,Open
STERTOOLS.NS,2024-10-08,569,355.05,553.96,,610.7,Long,Open
STLSTRINF.BO,2024-10-08,34,30.02,32.46,,37.8,Long,Open
STOVEKRAFT.NS,2024-10-08,887,556.05,837.09,,911.0,Long,Open
STRGRENWO.BO,2024-09-18,50,26.79,35.4,,58.7,Long,Open
STRLGUA.BO,2024-08-12,42,12.64,31.41,,31.41,Long,Open
STYLAMIND.BO,2024-09-27,2193,1406.8,2008.26,,2260.6,Long,Open
SUBSM.BO,2024-06-27,25,13.46,22.28,,24.61,Long,Open
SUCROSA.BO,2024-09-30,20,11.7,16.88,,18.4,Long,Open
SUDAI.BO,2024-09-23,63,41.71,56.23,,58.42,Long,Open
SUDARSCHEM.NS,2024-10-08,1039,680.0,988.75,,1149.0,Long,Open
SUGALDAM.BO,2024-09-04,75,23.41,44.87,,50.68,Long,Open
SUJALA.BO,2024-07-23,33,17.55,34.61,,36.57,Long,Open
SUKHJITS.BO,2024-10-09,560,512.0,547.58,,599.45,Long,Open
SULABEN.BO,2024-10-07,6,4.98,5.59,,6.15,Long,Open
SUMEETINDS.NS,2024-09-17,5,2.0,3.23,,4.08,Long,Open
SUMERUIND.BO,2024-10-09,2,1.97,2.02,,2.28,Long,Open
SUMMITSEC.NS,2024-10-08,2637,1155.0,2513.54,,2847.95,Long,Open
SUNCITYSY.BO,2024-09-13,27,3.8,25.17,,26.62,Long,Open
SUNDARMFIN.NS,2024-09-12,5298,4048.0,4722.58,,5166.0,Long,Open
SUNDARMHLD.NS,2024-10-08,333,325.0,326.52,,360.95,Long,Open
SUNDRMFAST.NS,2024-08-13,1440,1205.9,1336.38,,1457.9,Long,Open
SUNILAGR.BO,2024-10-09,143,133.0,137.0,,143.0,Long,Open
SUNILTX.BO,2024-10-07,63,60.05,63.05,,63.05,Long,Open
SUNPHARMA.NS,2024-06-24,1931,949.5,1482.01,,1529.85,Long,Open
SUNRAJDI.BO,2024-10-01,12,8.67,10.68,,11.55,Long,Open
SUPERHOUSE.NS,2024-09-10,222,207.2,216.84,,234.9,Long,Open
SUPERIOR.BO,2024-10-09,2,1.3,1.48,,1.68,Long,Open
SUPERTEX.BO,2024-10-09,11,9.25,10.56,,11.25,Long,Open
SUPRAJIT.NS,2024-09-10,507,398.05,529.24,,556.95,Long,Open
SUPREMEENG.NS,2024-09-18,4,0.65,3.01,,3.32,Long,Open
SUPREMEIND.NS,2024-10-07,5449,4920.05,5297.54,,5500.0,Long,Open
SURAJ.BO,2024-09-25,575,591.0,508.89,,535.55,Long,Open
SURANASOL.NS,2024-10-09,59,34.06,54.64,,65.38,Long,Open
SURFI.BO,2024-10-01,16,12.58,15.99,,17.48,Long,Open
SURYALAXMI.NS,2024-10-08,87,84.8,81.86,,99.0,Long,Open
SURYODAY.NS,2024-10-08,170,168.3,166.91,,190.2,Long,Open
SUVEN.NS,2024-10-09,143,126.02,142.1,,146.86,Long,Open
SVAMSOF.BO,2024-10-08,4,3.11,2.96,,3.46,Long,Open
SVGLOBAL.BO,2024-10-08,150,95.05,149.23,,176.9,Long,Open
SW1.BO,2021-01-20,82,17.65,20.15,,22.0,Long,Open
SWAGTAM.BO,2024-09-23,82,74.35,54.45,,59.94,Long,Open
SWANENERGY.NS,2024-10-09,559,509.55,553.74,,576.8,Long,Open
SWASTIKA.BO,2024-10-04,220,179.02,179.85,,192.75,Long,Open
SYBLY.BO,2024-10-09,8,6.8,7.07,,9.44,Long,Open
SYMBIOX.BO,2024-10-09,3,2.6,3.15,,4.53,Long,Open
SYMPHONY.NS,2024-09-18,1798,913.0,1457.24,,1605.0,Long,Open
SYNCOMF.BO,2024-10-08,22,11.0,19.62,,22.8,Long,Open
SYNTHFO.BO,2024-10-04,94,60.76,94.94,,103.9,Long,Open
SYSTMTXC.BO,2024-10-09,1712,1122.5,1639.81,,1870.0,Long,Open
TAIIND.BO,2024-09-19,40,38.0,38.65,,41.48,Long,Open
TAINWALCHM.NS,2024-10-07,282,192.11,232.33,,251.31,Long,Open
TAKE.NS,2024-10-08,20,17.63,18.87,,23.69,Long,Open
TALBROAUTO.NS,2024-10-08,326,312.0,305.5,,354.0,Long,Open
TANAA.BO,2024-10-09,495,460.0,488.0,,534.0,Long,Open
TARAI.BO,2024-10-07,9,8.62,8.61,,9.84,Long,Open
TARAPUR.BO,2024-10-07,22,11.3,18.72,,23.67,Long,Open
TARMAT.NS,2024-10-09,85,77.8,80.41,,85.39,Long,Open
TATAMETALI.NS,2024-02-02,1111,868.2,1068.97,,1099.8,Long,Open
TATAMTRDVR.BO,2024-08-07,765,618.95,706.57,,804.6,Long,Open
TATASTLLP.NS,2023-11-09,830,779.1,795.01,,804.0,Long,Open
TATIAGLOB.BO,2024-10-09,3,3.0,3.23,,3.51,Long,Open
TAVERNIER.BO,2024-09-09,37,7.3,35.58,,35.58,Long,Open
TBZ.NS,2024-10-09,285,93.05,273.61,,293.0,Long,Open
TCI.NS,2024-09-10,1025,757.65,1085.13,,1136.2,Long,Open
TCIIND.BO,2024-10-09,1390,1226.0,1389.96,,1390.0,Long,Open
TCMLMTD.BO,2024-09-24,47,44.26,43.49,,45.99,Long,Open
TCNSBRANDS.NS,2024-08-16,583,329.0,551.36,,618.9,Long,Open
TCPLPACK.NS,2024-10-08,3365,2015.0,3238.55,,3573.5,Long,Open
TDSL.BO,2024-10-08,13,9.36,12.42,,14.7,Long,Open
TECHM.NS,2024-10-04,1659,1426.75,1605.35,,1664.8,Long,Open
TECHNOE.NS,2024-10-07,1667,1453.2,1560.11,,1680.0,Long,Open
TEJNAKSH.BO,2024-10-09,25,23.0,23.87,,29.35,Long,Open
TELECANOR.BO,2024-10-04,7,5.25,6.27,,6.75,Long,Open
TERASOFT.NS,2024-10-08,85,70.0,78.67,,95.7,Long,Open
TGBHOTELS.NS,2024-10-09,15,14.03,15.18,,15.85,Long,Open
TGVSL.BO,2024-09-03,95,80.75,96.19,,102.3,Long,Open
THACKER.BO,2024-10-08,1197,1110.0,1137.15,,1280.0,Long,Open
THANGAMAYL.NS,2024-10-08,2596,1636.5,2234.44,,2525.0,Long,Open
THEMISMED.NS,2024-10-09,270,180.55,265.39,,303.0,Long,Open
THERMAX.NS,2024-10-04,5171,4171.35,4922.23,,5575.05,Long,Open
TI.NS,2024-10-08,298,224.25,284.85,,329.9,Long,Open
TIDEWATER.NS,2024-09-20,2130,1643.65,2271.61,,2800.0,Long,Open
TIGERLOGS.BO,2024-10-08,68,31.99,57.01,,72.38,Long,Open
TIJARIA.NS,2024-10-01,12,12.76,10.1,,15.4,Long,Open
TIL.NS,2024-10-04,305,321.9,305.43,,374.0,Long,Open
TILAK.BO,2024-10-08,5,3.01,4.46,,6.3,Long,Open
TIMETECHNO.NS,2024-10-08,391,369.5,364.91,,446.8,Long,Open
TINNARUBR.BO,2024-10-09,1544,1420.0,1494.4,,1549.6,Long,Open
TIPSINDLTD.NS,2024-09-25,750,346.45,683.01,,706.0,Long,Open
TIRSARJ.BO,2024-10-08,17,16.02,16.53,,21.0,Long,Open
TIRUSTA.BO,2024-10-04,178,152.1,146.32,,172.9,Long,Open
TITAANIUM.BO,2024-09-05,34,27.15,29.7,,29.7,Long,Open
TITAGARH.NS,2024-09-20,1096,995.05,1264.46,,1509.8,Long,Open
TITANBIO.BO,2024-09-30,752,550.05,663.25,,825.0,Long,Open
TITANSEC.BO,2024-10-07,48,36.16,42.97,,45.9,Long,Open
TNSTLTU.BO,2024-08-29,21,12.45,16.38,,16.38,Long,Open
TOKYOFIN.BO,2024-10-08,25,22.2,23.16,,26.0,Long,Open
TOKYOPLAST.NS,2024-10-08,120,118.0,114.87,,128.3,Long,Open
TORNTPHARM.NS,2024-05-10,3557,1448.8,2549.38,,2782.85,Long,Open
TORNTPOWER.NS,2024-10-09,1935,1295.1,1910.71,,1984.7,Long,Open
TPROJECT.BO,2024-10-03,4,2.92,3.66,,3.99,Long,Open
TRANSCHEM.BO,2024-10-08,45,35.45,40.94,,46.5,Long,Open
TRANSCOR.BO,2024-10-09,36,33.38,35.16,,42.99,Long,Open
TRANSFD.BO,2024-10-09,137,124.5,127.5,,148.0,Long,Open
TRANSFRE.BO,2024-10-01,31,27.55,31.99,,35.97,Long,Open
TRENT.NS,2024-10-07,8221,4955.65,7338.98,,7939.9,Long,Open
TRF.NS,2024-10-09,481,455.55,471.0,,522.0,Long,Open
TRICOMFRU.BO,2024-09-30,2,1.29,1.47,,1.57,Long,Open
TRIL.NS,2024-10-07,674,601.5,650.44,,689.9,Long,Open
TRIMURTHI.BO,2024-02-14,22,5.38,8.71,,8.71,Long,Open
TRITURBINE.NS,2024-10-08,752,668.3,676.11,,737.8,Long,Open
TRIVENIENT.BO,2024-10-08,3,2.17,2.22,,2.58,Long,Open
TRIVENIGQ.BO,2024-10-09,20,18.0,19.34,,20.0,Long,Open
TSPIRITUAL.BO,2024-09-23,2,1.68,1.85,,2.05,Long,Open
TTFL.BO,2024-10-08,47,36.15,45.38,,52.0,Long,Open
TTIENT.BO,2024-10-09,13,11.51,12.66,,13.4,Long,Open
TTL.NS,2024-10-08,118,113.53,109.83,,129.99,Long,Open
TUNITEX.BO,2024-10-08,2,1.7,1.7,,1.99,Long,Open
TUTIALKA.BO,2024-10-01,88,78.99,89.89,,94.8,Long,Open
TVSMOTOR.NS,2024-10-08,2783,2658.0,2652.92,,2958.0,Long,Open
TVVISION.NS,2024-09-16,16,4.55,11.9,,14.01,Long,Open
UCALFUEL.NS,2023-08-21,141,129.6,132.46,,139.25,Long,Open
UJJIVAN.NS,2024-04-19,591,514.1,528.8,,555.35,Long,Open
ULTRAMAR.BO,2024-10-08,529,495.5,488.0,,524.0,Long,Open
UMIYA.BO,2024-08-07,14,5.65,6.9,,7.23,Long,Open
UNIINFO.NS,2024-09-13,40,28.8,37.07,,42.79,Long,Open
UNIROYAL.BO,2024-10-08,25,20.46,24.14,,24.55,Long,Open
UNITECH.BO,2024-10-04,12,8.91,11.11,,13.21,Long,Open
UNITEDTE.BO,2024-09-26,17,15.31,16.2,,16.2,Long,Open
UNIVARTS.BO,2024-09-20,5,1.94,4.16,,4.67,Long,Open
UNIVPHOTO.NS,2024-10-09,387,355.0,378.72,,483.9,Long,Open
UNIVSTAR.BO,2024-09-26,204,200.0,179.94,,194.75,Long,Open
UNJHAFOR.BO,2024-10-08,32,25.0,28.98,,29.48,Long,Open
UNRYLMA.BO,2024-10-01,18,16.29,15.48,,16.35,Long,Open
UPSURGE.BO,2024-09-30,172,43.0,144.68,,148.05,Long,Open
USGTECH.BO,2024-10-08,16,8.0,14.34,,16.9,Long,Open
USHAKIRA.BO,2024-10-01,33,27.52,31.31,,32.1,Long,Open
UTINEXT50.BO,2024-08-07,80,39.8,75.99,,80.08,Long,Open
UTINIFTETF.BO,2024-04-04,272,1660.15,241.25,,245.0,Long,Open
UVDRHOR.BO,2024-10-08,119,99.1,106.06,,136.5,Long,Open
V2RETAIL.NS,2024-10-08,1406,421.0,1277.91,,1430.0,Long,Open
VAARAD.BO,2024-09-18,14,11.25,13.86,,14.9,Long,Open
VADILALIND.NS,2024-10-09,3938,3650.05,3895.49,,3986.95,Long,Open
VAISHALI.NS,2024-10-09,195,174.2,194.52,,198.5,Long,Open
VAKRANGEE.NS,2024-10-08,30,19.76,27.37,,37.69,Long,Open
VALIANT.BO,2024-10-09,647,554.25,634.36,,725.0,Long,Open
VAMSHIRU.BO,2024-09-30,60,24.81,45.56,,51.44,Long,Open
VANICOM.BO,2024-09-26,12,9.0,10.85,,12.5,Long,Open
VASINFRA.BO,2024-10-08,4,3.97,4.09,,4.72,Long,Open
VBL.NS,2024-10-08,592,549.22,551.38,,663.0,Long,Open
VEDL.NS,2024-09-13,496,366.3,447.48,,473.65,Long,Open
VEERENRGY.BO,2024-10-09,24,21.02,23.21,,35.64,Long,Open
VEERHEALTH.BO,2024-10-08,22,20.0,21.35,,24.3,Long,Open
VENTURA.BO,2024-10-09,14,13.13,13.71,,14.92,Long,Open
VENUSREM.NS,2024-10-09,340,313.75,333.81,,341.5,Long,Open
VERITAS.BO,2024-09-17,1141,1112.35,930.13,,1149.1,Long,Open
VESUVIUS.NS,2024-10-08,5365,4751.05,5038.33,,5999.0,Long,Open
VETO.NS,2024-09-03,140,108.1,165.39,,196.0,Long,Open
VIMTALABS.NS,2024-10-08,543,514.0,511.82,,699.8,Long,Open
VINAYAKPOL.BO,2021-05-05,30,6.31,6.39,,6.62,Long,Open
VINTAGES.BO,2024-09-27,18,14.61,17.31,,19.45,Long,Open
VINTRON.BO,2024-09-20,53,25.28,35.91,,41.85,Long,Open
VIPIND.NS,2024-10-04,555,429.6,529.26,,589.75,Long,Open
VIPULLTD.NS,2024-10-09,38,32.86,35.77,,41.83,Long,Open
VIRAT.BO,2024-09-20,415,130.0,156.15,,156.15,Long,Open
VIRINCHI.BO,2024-09-18,32,30.45,33.79,,36.18,Long,Open
VISASTEEL.NS,2024-08-26,34,17.45,21.18,,21.18,Long,Open
VISHAL.BO,2024-09-27,30,18.0,31.13,,34.8,Long,Open
VISHNU.NS,2024-09-19,414,281.0,388.95,,425.0,Long,Open
VISHWARAJ.NS,2024-10-09,19,15.75,18.9,,21.99,Long,Open
VISIONCINE.BO,2024-10-01,1,1.15,1.06,,1.38,Long,Open
VISIONCO.BO,2024-09-30,4,3.4,3.75,,4.0,Long,Open
VISVEN.BO,2024-10-08,53,50.75,53.45,,55.98,Long,Open
VITESSE.BO,2024-08-20,7,12.35,6.59,,6.6,Long,Open
VIVIDIND.BO,2024-09-23,21,19.01,22.09,,25.35,Long,Open
VJTFEDU.BO,2024-10-08,104,92.1,100.03,,109.0,Long,Open
VLSFINANCE.NS,2024-10-08,402,290.5,381.7,,454.85,Long,Open
VMART.NS,2024-08-07,4374,1595.0,3332.38,,3733.5,Long,Open
VSTTILLERS.NS,2024-10-08,4412,3600.0,4148.44,,4840.0,Long,Open
VXLINSTR.BO,2024-10-07,7,,6.38,,8.1,Long,Open
WAGEND.BO,2024-10-09,1,1.1,1.29,,1.42,Long,Open
WALCHANNAG.NS,2024-10-08,316,285.0,281.02,,340.75,Long,Open
WEBELSOLAR.NS,2024-10-08,1017,524.0,940.65,,1144.8,Long,Open
WEIZMANIND.NS,2024-10-08,141,121.0,117.49,,152.25,Long,Open
WELCURE.BO,2024-07-05,8,3.31,5.54,,5.8,Long,Open
WELINV.NS,2024-10-01,982,695.0,984.65,,1053.65,Long,Open
WELSPUNIND.NS,2024-02-09,153,133.2,151.08,,160.0,Long,Open
WEWIN.NS,2024-10-09,72,65.87,70.7,,76.83,Long,Open
WHBRADY.BO,2024-09-03,895,403.15,678.75,,769.55,Long,Open
WHEELS.NS,2024-10-08,745,725.0,705.56,,810.65,Long,Open
WHIRLPOOL.NS,2024-09-20,2372,1380.0,2015.07,,2280.0,Long,Open
WILLAMAGOR.NS,2024-10-08,39,32.65,35.66,,42.6,Long,Open
WINDMACHIN.NS,2024-10-08,201,191.1,185.87,,211.41,Long,Open
WINSOMBR.BO,2024-10-08,51,48.01,46.38,,57.0,Long,Open
WIPRO.NS,2024-08-12,531,375.05,489.05,,530.55,Long,Open
WONDERLA.NS,2024-10-08,910,770.05,829.22,,919.9,Long,Open
WPIL.BO,2024-10-08,452,404.0,413.3,,439.8,Long,Open
XCHANGING.NS,2024-10-09,119,108.0,116.06,,122.4,Long,Open
XELPMOC.NS,2024-10-08,134,102.95,114.16,,123.72,Long,Open
YAARI.NS,2024-10-09,12,10.55,11.22,,12.0,Long,Open
YASHCHEM.BO,2024-09-05,51,55.32,54.19,,59.0,Long,Open
YASHMGM.BO,2024-10-09,14,13.15,14.08,,14.9,Long,Open
YASHO.BO,2024-09-26,1969,1666.7,1971.11,,2049.45,Long,Open
YUKEN.BO,2024-10-09,1177,1105.0,1158.19,,1250.0,Long,Open
ZDHJERK.BO,2024-10-08,21,19.45,19.33,,21.44,Long,Open
ZEELEARN.NS,2024-10-08,11,8.2,8.77,,10.31,Long,Open
ZEEMEDIA.NS,2024-10-08,23,12.26,20.96,,26.35,Long,Open
ZENITHEXPO.NS,2024-09-26,288,233.5,265.25,,289.6,Long,Open
ZENLABS.BO,2024-10-08,40,36.0,40.16,,50.5,Long,Open
ZENTEC.NS,2024-10-08,1760,1576.0,1609.79,,1765.0,Long,Open
ZFSTEERING.BO,2024-10-08,1656,1418.0,1522.5,,1650.0,Long,Open
ZIMLAB.BO,2024-09-27,105,92.25,108.44,,128.45,Long,Open
ZKHANDEN.BO,2024-09-23,77,57.01,64.08,,105.0,Long,Open
ZMULTIPU.BO,2024-10-08,11,8.54,10.42,,12.37,Long,Open
ZODIAC.NS,2024-10-08,605,565.0,554.95,,668.8,Long,Open
ZODJRDMKJ.BO,2024-10-09,90,77.16,86.55,,89.52,Long,Open
ZOMATO.NS,2024-10-08,280,240.4,267.18,,280.9,Long,Open
ZOTA.NS,2024-09-20,611,440.1,637.72,,697.75,Long,Open
ZSARACOM.BO,2024-10-08,22327,4893.4,20562.07,,27775.0,Long,Open
ZUARIIND.NS,2024-10-08,356,340.8,330.47,,390.85,Long,Open
^CNXIT,2024-08-09,42623,30054.2,39011.99,,41381.1,Long,Open
^CNXMETAL,2024-09-12,9801,8534.95,9128.11,,9305.6,Long,Open
